title,length,refs,images,sections,links,infobox,quality,quality_real,quality_3class,topic
Anarchism,114398,14,16,60,673,0,GA,GA,High,History & Politics
Albedo,71550,139,7,56,186,0,C,B,Medium,Science & Technology
A,34540,24,20,40,342,1,Start,C,Medium,General
Alabama,222888,333,43,122,989,1,B,B,Medium,Geography
Achilles,85970,124,23,68,607,1,C,B,Medium,History & Politics
Abraham Lincoln,159311,96,17,149,643,1,FA,FA,High,History & Politics
Aristotle,158199,76,23,168,721,1,GA,GA,High,Science & Technology
An American in Paris,33005,57,0,22,134,1,Start,B,Medium,History & Politics
Academy Awards,214890,279,6,96,1160,1,B,B,Medium,History & Politics
Actrius,6601,9,0,16,53,1,Stub,Start,Low,Culture & Arts
Animalia (book),6829,11,0,12,27,1,Stub,Start,Low,Science & Technology
International Atomic Time,16092,13,0,18,67,0,Start,C,Medium,General
Altruism,102920,162,8,58,271,0,B,B,Medium,Culture & Arts
Ayn Rand,93063,41,10,52,471,1,GA,GA,High,Science & Technology
Alain Connes,20365,52,1,16,159,1,Start,C,Medium,Science & Technology
Allan Dwan,14446,8,0,14,183,1,Stub,B,Medium,History & Politics
Algeria,197823,270,46,90,963,1,B,B,Medium,History & Politics
Anthropology,108447,139,5,178,398,0,B,C,Medium,Science & Technology
Agricultural science,16150,16,1,18,130,0,Start,B,Medium,Science & Technology
Alchemy,124148,194,11,82,518,1,B,C,Medium,Science & Technology
Astronomer,11015,12,4,20,93,0,Stub,Start,Low,Science & Technology
ASCII,111163,116,4,82,611,1,B,B,Medium,General
Animation,85207,67,12,104,506,0,C,C,Medium,Science & Technology
Apollo,217797,476,55,224,1551,1,B,C,Medium,Biography
Andre Agassi,173480,301,1,82,597,1,B,B,Medium,History & Politics
Austroasiatic languages,73936,67,3,48,395,1,C,C,Medium,General
Afroasiatic languages,114694,6,7,118,303,1,Stub,C,Medium,Biography
Andorra,156079,235,35,100,650,1,B,B,Medium,Science & Technology
Arithmetic mean,14368,9,1,30,78,0,Stub,C,Medium,General
American Football Conference,27224,24,2,12,202,1,Start,Start,Low,Culture & Arts
Animal Farm,94260,59,5,58,347,1,C,B,Medium,Science & Technology
Amphibian,166148,197,39,84,566,0,FA,FA,High,History & Politics
Alaska,204824,231,38,176,1070,1,B,B,Medium,Geography
Agriculture,203431,360,36,84,650,0,GA,GA,High,Culture & Arts
Aldous Huxley,72866,107,5,40,335,1,C,B,Medium,Science & Technology
Algae,124333,202,13,140,535,1,B,B,Medium,General
Analysis of variance,57946,75,7,96,128,0,C,C,Medium,General
Alkane,65373,71,17,98,418,0,C,B,Medium,General
Appellate procedure in the United States,27526,15,2,36,86,0,Start,Start,Low,Geography
Answer (law),2812,4,0,2,23,0,Stub,Stub,Low,General
Appellate court,25887,28,6,34,115,0,Start,C,Medium,General
Arraignment,13435,23,1,30,67,0,Stub,C,Medium,Geography
America the Beautiful,35040,47,3,18,181,1,Start,C,Medium,History & Politics
Assistive technology,79587,86,12,96,179,0,C,B,Medium,Science & Technology
Abacus,53552,81,10,86,186,1,C,C,Medium,Science & Technology
Acid,48822,33,9,68,308,0,Start,C,Medium,Science & Technology
Bitumen,100709,168,10,72,394,0,B,B,Medium,General
American National Standards Institute,18962,24,1,18,74,1,Start,C,Medium,Geography
Apollo 11,194489,209,29,92,665,1,FA,FA,High,Culture & Arts
Apollo 8,98295,84,20,58,382,1,FA,FA,High,Geography
Astronaut,97198,150,17,48,471,0,C,C,Medium,Science & Technology
A Modest Proposal,28446,48,2,32,80,1,Start,C,Medium,Culture & Arts
Alkali metal,231115,541,26,114,1036,1,B,B,Medium,Culture & Arts
Alphabet,60329,104,6,46,317,0,C,B,Medium,General
Atomic number,20971,21,4,24,102,0,Start,C,Medium,Science & Technology
Anatomy,81873,124,25,50,505,0,GA,GA,High,Science & Technology
Affirming the consequent,7273,9,0,8,33,0,Stub,Start,Low,General
Andrei Tarkovsky,87269,122,4,54,428,1,C,B,Medium,Science & Technology
Ambiguity,35931,24,5,46,178,0,Start,C,Medium,Culture & Arts
Abel,13289,21,3,18,126,1,Stub,C,Medium,Biography
Aardvark,40243,144,2,38,175,0,GA,GA,High,Science & Technology
Aardwolf,28899,111,9,30,103,0,Start,C,Medium,Science & Technology
Adobe,28446,28,10,30,95,0,Start,C,Medium,Science & Technology
Adventure,11020,13,1,22,87,0,Stub,C,Medium,General
Asia,143165,190,76,78,847,1,B,B,Medium,Geography
Aruba,131168,214,20,118,446,1,B,C,Medium,Geography
Articles of Confederation,77112,24,15,42,385,1,Start,C,Medium,Science & Technology
Atlantic Ocean,108823,135,21,68,515,1,B,B,Medium,History & Politics
Arthur Schopenhauer,164434,208,13,112,579,1,B,B,Medium,Science & Technology
Angola,179592,306,44,82,760,1,B,B,Medium,History & Politics
Demographics of Angola,26196,17,4,16,60,1,Start,Start,Low,General
Politics of Angola,15131,15,0,24,74,0,Start,Start,Low,History & Politics
Economy of Angola,51758,122,4,32,134,1,C,Start,Low,General
Transport in Angola,4017,4,2,24,24,0,Stub,Start,Low,Culture & Arts
Angolan Armed Forces,25765,29,1,46,77,1,Start,Start,Low,History & Politics
Foreign relations of Angola,64557,151,3,18,166,0,C,Start,Low,General
Albert Sidney Johnston,70803,164,6,40,251,1,C,C,Medium,Science & Technology
Android (robot),34241,60,4,24,146,0,Start,B,Medium,Science & Technology
Alberta,176407,217,29,90,889,1,B,C,Medium,Geography
Actinopterygii,49679,53,36,14,584,0,Start,C,Medium,Science & Technology
Albert Einstein,233898,442,33,198,873,1,GA,GA,High,Science & Technology
Afghanistan,334563,593,46,110,1407,1,B,B,Medium,Geography
Albania,290322,458,57,164,1518,1,B,B,Medium,History & Politics
Allah,52669,131,6,56,254,0,GA,GA,High,General
Algorithms (journal),3889,8,0,8,42,1,Stub,Start,Low,Science & Technology
Azerbaijan,260481,466,40,86,1063,1,GA,GA,High,History & Politics
Amateur astronomy,43748,48,7,48,165,0,Start,C,Medium,Science & Technology
Aikido,58643,89,14,42,231,1,C,C,Medium,Culture & Arts
Art,132027,198,23,52,504,0,B,B,Medium,Culture & Arts
Agnostida,8405,11,0,8,70,0,Stub,Start,Low,General
Abortion,208111,377,8,80,407,1,B,C,Medium,Science & Technology
Abstract (law),2284,4,0,8,18,0,Stub,Start,Low,General
American Revolutionary War,288818,485,36,102,1359,1,B,B,Medium,Science & Technology
Ampere,16614,23,0,16,99,1,Start,C,Medium,General
Algorithm,65011,69,3,64,295,0,C,C,Medium,Science & Technology
Annual plant,13428,23,1,12,22,0,Stub,Start,Low,Science & Technology
Anthophyta,3792,7,0,2,18,0,Stub,Start,Low,Science & Technology
Mouthwash,68782,178,5,70,210,0,C,C,Medium,General
Alexander the Great,222299,386,44,120,1071,1,GA,GA,High,History & Politics
Alfred Korzybski,18814,15,1,20,98,1,Start,C,Medium,History & Politics
Asteroids (video game),59266,139,2,38,244,1,GA,GA,High,Science & Technology
Asparagales,93367,8,4,78,465,0,Stub,B,Medium,General
Alismatales,13961,7,2,16,132,0,Stub,Start,Low,General
Apiales,8402,13,0,6,67,0,Stub,Start,Low,General
Asterales,12929,13,0,14,85,0,Stub,Start,Low,General
Asteroid,154870,264,19,98,584,0,B,B,Medium,General
Allocution,3736,3,0,10,13,0,Stub,Start,Low,General
Affidavit,12000,13,2,20,39,0,Stub,C,Medium,General
Aries (constellation),52969,10,6,42,256,1,FA,FA,High,General
Aquarius (constellation),38672,26,5,26,196,1,Start,C,Medium,General
Anime,158112,246,10,46,622,1,B,B,Medium,Culture & Arts
Ankara,128463,138,34,148,849,1,B,C,Medium,Geography
Arabic,153863,167,12,108,1025,1,B,C,Medium,History & Politics
Alfred Hitchcock,186374,213,24,146,834,1,B,B,Medium,History & Politics
Anaconda,28031,55,6,40,128,0,Start,C,Medium,General
Altaic languages,71185,119,5,72,209,1,C,C,Medium,General
Austrian German,27304,26,2,36,134,1,Start,C,Medium,General
Axiom of choice,69387,31,2,46,314,0,C,B,Medium,General
Attila,73057,78,15,40,445,1,C,C,Medium,History & Politics
Aegean Sea,57760,84,12,44,435,1,C,B,Medium,Geography
A Clockwork Orange (novel),53519,62,3,40,172,1,C,B,Medium,Science & Technology
Amsterdam,209860,291,55,112,1137,1,B,B,Medium,History & Politics
Museum of Work,6876,14,1,18,17,0,Stub,Start,Low,General
Audi,180787,201,94,170,1069,1,B,B,Medium,Culture & Arts
Aircraft,64818,120,19,102,401,0,C,C,Medium,General
Alfred Nobel,49131,94,7,32,235,1,Start,C,Medium,Science & Technology
Alexander Graham Bell,147283,164,18,60,526,1,B,B,Medium,Science & Technology
Anatolia,88852,155,18,64,619,1,C,C,Medium,History & Politics
Apple Inc.,325885,479,24,108,1184,1,B,B,Medium,Science & Technology
Aberdeenshire,37390,51,8,26,292,1,Start,C,Medium,General
Aztlan Underground,7941,15,0,16,24,1,Stub,Start,Low,Biography
American Civil War,241345,314,30,144,790,1,B,B,Medium,History & Politics
Andy Warhol,294115,575,37,108,1050,1,B,B,Medium,Science & Technology
Alp Arslan,70836,128,4,60,253,1,C,C,Medium,History & Politics
American Film Institute,26986,39,2,44,178,1,Start,Start,Low,Culture & Arts
Akira Kurosawa,114873,144,12,98,475,1,GA,GA,High,Science & Technology
Ancient Egypt,175585,54,38,102,810,1,C,B,Medium,History & Politics
Analog Brothers,3919,3,0,10,17,1,Stub,Stub,Low,General
Motor neuron diseases,22180,71,2,30,64,1,Start,C,Medium,General
Abjad,41548,19,2,24,360,0,Start,C,Medium,General
Abugida,44879,37,12,36,373,0,Start,B,Medium,General
ABBA,156515,206,12,124,557,1,B,B,Medium,Biography
Allegiance,5670,14,0,20,23,0,Stub,Start,Low,History & Politics
MessagePad,57300,37,6,52,179,1,C,C,Medium,General
A. E. van Vogt,52769,60,1,50,216,1,C,B,Medium,Science & Technology
Anna Kournikova,59088,104,5,42,321,1,C,B,Medium,History & Politics
Alfons Maria Jakob,5271,14,0,6,53,1,Stub,Start,Low,Biography
Agnosticism,91069,134,7,42,303,0,GA,GA,High,General
Argon,40714,49,8,38,258,1,Start,B,Medium,General
Arsenic,146645,264,12,102,501,1,B,B,Medium,General
Antimony,61701,152,10,50,305,1,GA,GA,High,General
Actinium,42641,91,2,30,187,1,GA,GA,High,General
Americium,80647,169,5,60,308,0,GA,GA,High,General
Astatine,83626,146,5,40,269,1,FA,FA,High,General
Atom,129414,263,15,72,543,1,B,B,Medium,Science & Technology
Arable land,20276,12,9,22,68,0,Start,C,Medium,General
Aluminium,143369,225,19,72,663,1,GA,GA,High,General
Advanced Chemistry,12563,20,0,12,29,1,Stub,Start,Low,General
Anglican Communion,155393,383,4,54,454,1,B,C,Medium,History & Politics
Arne Kaijser,2763,1,0,4,15,1,Stub,Stub,Low,Science & Technology
Archipelago,8287,13,4,22,49,0,Stub,Start,Low,Geography
Author,22890,37,1,20,68,0,Start,C,Medium,General
Andrey Markov,11310,5,2,16,88,1,Stub,C,Medium,Science & Technology
Angst,7158,10,1,12,71,0,Stub,Start,Low,General
Anxiety,98962,196,2,70,254,0,C,B,Medium,General
A. A. Milne,48028,86,6,46,237,1,Start,B,Medium,History & Politics
Asociación Alumni,6316,7,1,18,52,1,Stub,Start,Low,Geography
Axiom,35926,21,1,62,205,0,Start,C,Medium,General
Alpha,12836,12,1,26,95,0,Stub,C,Medium,General
Alvin Toffler,31821,80,1,22,154,1,Start,B,Medium,Science & Technology
The Amazing Spider-Man,105581,119,2,98,528,1,B,C,Medium,General
Antigua and Barbuda,109713,220,24,58,404,1,B,B,Medium,History & Politics
Azincourt,7809,12,1,16,34,1,Stub,C,Medium,Geography
Albert Speer,78796,0,18,44,310,1,FA,FA,High,Science & Technology
Asteraceae,64574,135,7,50,356,0,C,C,Medium,General
Apiaceae,25804,35,0,26,188,0,Start,Start,Low,General
Axon,60565,97,8,70,290,1,C,B,Medium,General
Aramaic alphabet,41291,31,179,22,560,1,Start,C,Medium,History & Politics
American shot,2833,3,1,2,12,0,Stub,Start,Low,General
Acute disseminated encephalomyelitis,51539,115,1,38,110,1,C,B,Medium,Science & Technology
Ataxia,57405,96,1,52,206,1,C,C,Medium,General
Ada Lovelace,97827,147,15,60,367,1,C,B,Medium,History & Politics
August Derleth,36604,25,2,28,172,1,Start,C,Medium,Science & Technology
Alps,109464,230,39,62,762,1,B,B,Medium,Geography
Albert Camus,64068,28,9,56,355,1,GA,GA,High,History & Politics
Agatha Christie,169168,412,12,76,691,1,GA,GA,High,History & Politics
The Plague (novel),20647,30,3,16,82,0,Start,C,Medium,Culture & Arts
Applied ethics,12285,14,0,12,53,0,Stub,Start,Low,General
Absolute value,33680,10,5,44,145,0,Stub,C,Medium,Science & Technology
Analog signal,6159,5,0,10,58,0,Stub,Start,Low,Culture & Arts
Arecales,6016,8,0,12,42,0,Stub,Start,Low,Science & Technology
Hercule Poirot,75156,74,4,108,333,1,C,B,Medium,History & Politics
Miss Marple,33395,40,0,46,234,1,Start,C,Medium,History & Politics
April,34455,25,8,136,584,0,Start,C,Medium,General
August,32585,37,7,104,487,0,Start,Start,Low,General
Aaron,48840,153,8,42,267,1,Start,C,Medium,History & Politics
Alcohol (chemistry),36533,45,17,60,290,0,Start,B,Medium,Science & Technology
Achill Island,50377,77,11,70,193,1,C,C,Medium,Geography
Allen Ginsberg,112673,215,8,76,572,1,B,B,Medium,History & Politics
Algebraically closed field,13982,2,0,28,49,0,Stub,C,Medium,General
Anatoly Karpov,46653,66,4,40,243,1,Start,C,Medium,History & Politics
Aspect ratio,5874,3,1,16,60,0,Stub,Start,Low,General
Auto racing,55096,45,34,52,374,1,C,C,Medium,Culture & Arts
Anarcho-capitalism,171250,349,7,70,501,0,B,B,Medium,Science & Technology
Aristophanes,69216,116,5,48,218,1,C,C,Medium,History & Politics
Albert Schweitzer,90863,100,10,56,374,1,C,B,Medium,Science & Technology
Austrian school of economics,67990,131,8,46,218,0,C,B,Medium,General
Abscess,36889,97,6,50,131,1,Start,B,Medium,Science & Technology
Aalborg Municipality,14251,16,0,20,114,1,Stub,Start,Low,Geography
Aarhus,222910,403,42,86,812,1,GA,GA,High,Geography
Northern cavefish,4547,7,0,2,23,0,Stub,Start,Low,Science & Technology
Amateur,17503,23,1,16,94,0,Start,Start,Low,General
Alexis Carrel,34210,49,4,32,120,1,Start,B,Medium,Science & Technology
All Souls' Day,52687,85,8,62,234,1,C,B,Medium,History & Politics
Anatole France,17334,20,6,28,90,1,Start,C,Medium,History & Politics
André Gide,37854,58,3,32,112,1,Start,C,Medium,Biography
Algorithms for calculating variance,33801,24,0,40,57,0,Start,Start,Low,Culture & Arts
Almond,68644,145,10,66,301,0,C,B,Medium,General
Demographics of Antigua and Barbuda,16723,9,2,16,29,0,Stub,Start,Low,General
Politics of Antigua and Barbuda,11801,8,2,22,113,0,Stub,Start,Low,History & Politics
Telecommunications in Antigua and Barbuda,6326,3,0,16,59,0,Stub,Start,Low,Geography
Antigua and Barbuda Defence Force,19096,20,1,22,43,1,Start,Start,Low,History & Politics
Antisemitism,255954,329,22,90,953,0,B,B,Medium,General
Economy of Azerbaijan,47309,107,6,46,173,1,Start,C,Medium,Geography
Geography of Azerbaijan,15857,35,7,24,98,1,Start,Start,Low,Geography
Foreign relations of Azerbaijan,102884,187,1,36,436,0,B,C,Medium,General
Azerbaijani Armed Forces,88269,129,18,74,318,1,C,B,Medium,History & Politics
Geography of Armenia,13666,39,6,16,83,0,Stub,Start,Low,Geography
Demographics of Armenia,75888,91,7,52,185,1,C,Start,Low,General
Politics of Armenia,23482,25,1,26,166,1,Start,C,Medium,History & Politics
Economy of Armenia,159510,309,11,208,369,1,B,C,Medium,Geography
Transport in Armenia,20809,34,7,52,131,0,Start,Start,Low,Culture & Arts
Armed Forces of Armenia,71646,120,7,66,328,1,C,Start,Low,History & Politics
Foreign relations of Armenia,145035,163,3,54,730,0,B,C,Medium,General
Demographics of American Samoa,18904,20,2,16,58,0,Start,Start,Low,Geography
Politics of American Samoa,5990,7,0,10,46,0,Stub,Start,Low,History & Politics
Economy of American Samoa,8895,9,2,6,17,1,Stub,Start,Low,General
Avicenna,125238,152,12,128,535,1,B,B,Medium,Science & Technology
The Ashes,108313,105,15,52,553,1,B,B,Medium,History & Politics
Analysis,36961,79,2,54,233,0,Start,C,Medium,Science & Technology
Abner Doubleday,32407,44,20,38,196,1,Start,B,Medium,History & Politics
America's National Game,1762,1,0,4,12,1,Stub,Stub,Low,Culture & Arts
Amplitude modulation,41256,53,8,44,189,0,Start,C,Medium,General
Augustin-Jean Fresnel,72169,77,9,44,221,1,GA,GA,High,Science & Technology
Abbot,35336,9,8,34,244,0,Stub,B,Medium,General
Ardipithecus,32024,46,2,18,135,0,Start,B,Medium,Science & Technology
Assembly line,36499,39,12,30,178,0,Start,C,Medium,Science & Technology
Adelaide,190092,262,39,96,968,1,B,B,Medium,Geography
Alan Garner,43900,24,3,42,208,1,Start,B,Medium,History & Politics
Algebraic number,17841,2,4,24,102,0,Stub,C,Medium,General
Automorphism,11226,5,1,16,121,0,Stub,Start,Low,General
Accordion,81931,113,21,102,385,1,C,B,Medium,History & Politics
Artificial intelligence,271581,317,17,190,1045,0,B,B,Medium,Science & Technology
Afro Celt Sound System,23886,36,0,20,138,1,Start,Start,Low,Biography
Ancient philosophy,28568,18,5,102,427,0,Start,Start,Low,History & Politics
Anaximander,59913,76,7,42,283,1,C,B,Medium,History & Politics
Architect,30070,27,3,30,114,1,Start,C,Medium,Culture & Arts
Abbreviation,33652,26,2,50,181,0,Start,C,Medium,General
Aphrodite,151539,112,19,66,962,1,GA,GA,High,History & Politics
Antisymmetric relation,4241,0,1,8,23,0,Stub,Start,Low,General
Aleister Crowley,127099,1,11,62,582,1,GA,GA,High,History & Politics
Afterlife,132155,172,10,136,583,0,B,B,Medium,Culture & Arts
Astrometry,18734,21,4,16,134,0,Start,C,Medium,General
Athena,131470,70,20,56,649,1,GA,GA,High,History & Politics
Amber Diceless Roleplaying Game,25293,20,2,32,90,1,Start,C,Medium,Culture & Arts
Alloy,56572,90,3,34,295,0,C,C,Medium,Science & Technology
Agrarianism,57553,56,5,128,232,0,C,C,Medium,General
Angle,60452,59,10,68,231,0,C,C,Medium,General
Acoustics,42046,45,10,66,241,0,Start,C,Medium,General
Atomic physics,13963,9,1,18,91,0,Stub,C,Medium,Science & Technology
American Sign Language,79410,218,9,50,244,1,C,B,Medium,History & Politics
Applet,8532,10,0,24,57,0,Stub,Start,Low,Science & Technology
Alternate history,81590,80,9,42,543,0,C,C,Medium,Science & Technology
Atomic orbital,85007,43,56,50,315,0,C,B,Medium,Science & Technology
Amino acid,117032,219,11,108,458,0,GA,GA,High,General
Alan Turing,155207,223,13,62,522,1,GA,GA,High,Science & Technology
Area,43793,56,32,88,286,1,Start,B,Medium,General
Astronomical unit,52651,74,2,20,196,0,C,B,Medium,Science & Technology
Artist,18599,23,4,26,145,0,Start,Start,Low,Biography
Actaeon,28405,41,9,22,227,0,Start,C,Medium,Science & Technology
Anglicanism,175279,112,19,116,738,0,B,C,Medium,History & Politics
Athens,165610,200,41,104,1255,1,B,B,Medium,History & Politics
Anguilla,78145,143,14,74,312,1,C,B,Medium,History & Politics
Ashmore and Cartier Islands,37020,56,2,28,175,1,GA,GA,High,Science & Technology
Acoustic theory,12070,0,0,18,15,0,Stub,Start,Low,General
Alexander Mackenzie (politician),28643,11,6,32,188,1,Start,B,Medium,History & Politics
Ashoka,152880,87,25,120,678,1,C,B,Medium,History & Politics
American (word),54936,93,3,32,151,0,C,C,Medium,Geography
Ada (programming language),55902,66,2,44,244,0,C,C,Medium,Science & Technology
Alfonso Cuarón,41656,55,4,24,240,1,Start,C,Medium,Science & Technology
Arianism,94711,134,5,50,376,0,C,C,Medium,History & Politics
Hotline,8939,15,2,32,51,0,Stub,Start,Low,General
Hybrid (biology),82236,136,14,84,371,0,GA,GA,High,Science & Technology
Hybrid balance,708,0,0,2,8,0,Stub,Stub,Low,Science & Technology
Hybrid transformer,5801,2,4,16,47,0,Stub,C,Medium,General
Hydroxyl ion absorption,1523,2,0,4,12,0,Stub,Stub,Low,Science & Technology
Identifier,13170,2,1,24,133,0,Stub,Start,Low,General
Improved-definition television,2706,6,0,4,22,0,Stub,Stub,Low,Science & Technology
Index-matching material,7158,4,0,12,44,0,Stub,C,Medium,General
Inductive coupling,7080,4,2,6,45,0,Stub,Start,Low,Science & Technology
Information-bearer channel,682,0,0,2,8,0,Stub,Stub,Low,General
Information-transfer transaction,4109,0,0,12,19,0,Stub,Start,Low,General
Insertion gain,808,1,0,2,8,0,Stub,Stub,Low,Science & Technology
Insertion loss,2533,3,0,8,15,0,Stub,Start,Low,Science & Technology
Inside plant,2945,0,0,6,18,0,Stub,Start,Low,General
Intelligent Network,15791,9,1,20,81,0,Stub,Start,Low,Culture & Arts
Intensity modulation,3931,6,0,8,19,0,Stub,Start,Low,General
Interchange circuit,822,0,0,2,10,0,Stub,Stub,Low,General
Intercharacter interval,659,0,0,2,8,0,Stub,Stub,Low,General
Interconnect facility,667,0,0,2,5,0,Stub,Stub,Low,Culture & Arts
Interface functionality,854,0,0,2,9,0,Stub,Stub,Low,General
Interface standard,1722,0,0,6,27,0,Stub,Stub,Low,General
Interference filter,10255,4,4,14,78,0,Stub,Start,Low,General
Intermediate distribution frame,1527,0,0,2,22,0,Stub,Stub,Low,General
Intermediate-field region,1027,1,0,2,7,0,Stub,Stub,Low,General
IP address spoofing,11741,13,1,22,49,0,Stub,C,Medium,General
Interoperability,47566,43,4,76,136,0,Start,C,Medium,Science & Technology
Interposition trunk,741,0,0,0,8,0,Stub,Stub,Low,General
Intersymbol interference,10324,3,1,20,44,0,Stub,C,Medium,Culture & Arts
Inverse-square law,28868,23,2,30,135,0,Start,C,Medium,Science & Technology
Ionospheric sounding,1516,0,0,4,19,0,Stub,Stub,Low,General
Isochronous timing,4026,2,0,4,44,0,Stub,Start,Low,General
Isochronous burst transmission,1699,1,0,2,13,0,Stub,Stub,Low,General
Isochronous signal,930,0,0,4,13,0,Stub,Stub,Low,Science & Technology
Jerkiness,2740,2,0,8,25,0,Stub,Stub,Low,Science & Technology
Jitter,20909,18,1,38,86,0,Start,C,Medium,Science & Technology
Joint multichannel trunking and switching system,772,0,0,2,6,0,Stub,Stub,Low,History & Politics
Kendall effect,692,0,0,2,10,0,Stub,Stub,Low,General
Lambert's cosine law,10454,9,2,10,44,0,Stub,Start,Low,General
Launch angle,887,0,0,2,14,0,Stub,Stub,Low,General
Launch numerical aperture,759,0,0,2,6,0,Stub,Stub,Low,General
Layered system,534,0,0,0,4,0,Stub,Stub,Low,General
Leaky mode,1975,0,0,2,8,0,Stub,Stub,Low,General
Linear polarization,4948,2,1,8,28,0,Stub,Start,Low,General
Line code,16000,12,7,22,113,0,Start,C,Medium,General
Link quality analysis,980,0,0,2,8,0,Stub,Stub,Low,Science & Technology
Loading characteristic,565,0,0,2,8,0,Stub,Stub,Low,General
Loading coil,33954,50,8,52,136,0,Start,B,Medium,Science & Technology
Local Access and Transport Area,27537,7,2,216,462,0,Stub,C,Medium,General
Local call,1697,0,0,4,15,0,Stub,Stub,Low,General
Log-periodic antenna,13882,16,1,16,51,0,Stub,Start,Low,General
Long-haul communications,3127,0,0,2,12,0,Stub,Start,Low,General
Longitudinal redundancy check,4183,8,0,8,20,0,Stub,Start,Low,Culture & Arts
Long-term stability,577,0,0,0,11,0,Stub,Stub,Low,General
LPD433,12799,15,0,34,37,0,Stub,Start,Low,Culture & Arts
Machine-readable medium and data,7165,5,1,18,77,0,Stub,Stub,Low,Science & Technology
Magneto-ionic double refraction,1247,0,0,2,7,0,Stub,Stub,Low,General
Magneto-optic effect,9304,1,1,8,49,0,Stub,Start,Low,General
Main distribution frame,5444,1,5,8,42,0,Stub,Start,Low,General
Main lobe,2324,0,2,2,27,0,Stub,Stub,Low,General
Maintainability,5516,2,0,16,30,0,Stub,Start,Low,Science & Technology
Managed object,1578,3,0,2,11,0,Stub,Stub,Low,General
Manchester code,9453,10,1,18,52,0,Stub,C,Medium,Science & Technology
Mandrel wrapping,4124,0,0,8,9,0,Stub,Start,Low,General
Maritime broadcast communications net,1487,3,0,4,14,0,Stub,Stub,Low,General
Master frequency generator,773,0,0,2,10,0,Stub,Stub,Low,General
Master station,1807,5,0,4,15,0,Stub,Start,Low,General
Maximal-ratio combining,3322,2,0,6,11,0,Stub,Start,Low,General
Maximum usable frequency,4152,3,0,8,29,0,Stub,Start,Low,General
Mean time between outages,548,0,0,2,5,0,Stub,Stub,Low,Science & Technology
Mechanically induced modulation,702,0,0,2,5,0,Stub,Stub,Low,General
Mediation function,753,0,0,2,9,0,Stub,Stub,Low,General
Message,7726,16,2,14,16,0,Stub,Start,Low,General
Message format,551,0,0,0,8,0,Stub,Stub,Low,General
Micro-mainframe link,1153,1,0,2,12,0,Stub,Stub,Low,General
Sprague–Grundy theorem,20178,4,0,32,44,0,Stub,C,Medium,Science & Technology
Mode field diameter,1864,1,0,6,17,0,Stub,Stub,Low,General
Mode partition noise,665,0,0,2,12,0,Stub,Stub,Low,Science & Technology
Mode scrambler,4580,3,0,8,15,0,Stub,Start,Low,General
Mode volume,8139,11,0,8,31,0,Stub,Stub,Low,General
Modification of Final Judgment,3240,5,0,2,15,0,Stub,Stub,Low,Science & Technology
Modified AMI code,8321,0,0,18,39,0,Stub,Start,Low,General
Mu-law algorithm,10392,7,4,18,53,0,Stub,C,Medium,General
Multicast address,24469,26,0,18,120,0,Start,C,Medium,General
Multipath propagation,10732,0,7,12,87,0,Stub,C,Medium,Science & Technology
Multiple homing,1068,0,0,4,17,0,Stub,Stub,Low,History & Politics
Multiplex baseband,1498,1,0,2,14,0,Stub,Stub,Low,General
Multiplexing,22940,13,5,36,179,0,Start,C,Medium,Science & Technology
Narrative traffic,773,0,0,2,9,0,Stub,Stub,Low,General
Narrowband modem,661,0,0,2,8,0,Stub,Stub,Low,General
National Communications System,14625,6,1,12,56,0,Stub,Start,Low,History & Politics
National Information Infrastructure,2615,3,0,6,30,0,Stub,Stub,Low,History & Politics
Neper,7465,8,2,16,39,0,Stub,Start,Low,General
Net gain (telecommunications),1167,0,0,2,11,0,Stub,Stub,Low,General
Net operation,15522,10,0,26,26,0,Stub,Start,Low,General
Network architecture,3346,2,0,10,21,0,Stub,Start,Low,Science & Technology
Network interface device,12074,7,1,16,71,0,Stub,C,Medium,General
Network management,3158,1,0,10,38,0,Stub,Start,Low,General
Network operating system,7780,9,0,14,90,0,Stub,C,Medium,Science & Technology
Network topology,41612,27,11,76,222,0,Start,C,Medium,General
Neutral direct-current telegraph system,971,1,0,4,7,0,Stub,Stub,Low,General
Noise,28570,53,3,26,105,0,Start,B,Medium,General
Noise-equivalent power,2144,3,0,4,17,0,Stub,Start,Low,Science & Technology
Noise figure,17536,17,1,18,47,0,Start,Start,Low,Science & Technology
Noise power,1322,0,0,2,18,0,Stub,Stub,Low,Science & Technology
Noise temperature,10582,3,0,12,31,0,Stub,Start,Low,Science & Technology
Noise weighting,2620,2,0,4,19,0,Stub,Start,Low,Science & Technology
Non-return-to-zero,13097,11,7,22,59,0,Stub,C,Medium,General
NS/EP telecommunications,972,0,0,2,7,0,Stub,Stub,Low,General
N-entity,1062,0,0,2,10,0,Stub,Stub,Low,Culture & Arts
Numerical aperture,18000,9,5,16,86,0,Stub,Start,Low,Science & Technology
Nyquist rate,8530,8,3,12,44,0,Stub,Start,Low,General
Off-axis optical system,2830,3,0,4,7,0,Stub,Stub,Low,General
On- and off-hook,4243,3,2,8,36,0,Stub,Stub,Low,General
Online and offline,18440,22,1,22,62,0,Start,C,Medium,General
One-way trunk,765,0,0,2,8,0,Stub,Stub,Low,General
On-premises wiring,2906,2,0,6,26,0,Stub,Start,Low,General
Open network architecture,784,0,0,4,10,0,Stub,Stub,Low,Culture & Arts
Open systems architecture,3346,0,0,10,23,0,Stub,Start,Low,Culture & Arts
Optical attenuator,6796,3,1,20,21,0,Stub,C,Medium,General
Optical axis,1730,1,1,4,16,0,Stub,Stub,Low,General
Optical disc,69031,74,6,74,288,0,C,C,Medium,Science & Technology
Optical isolator,12113,10,5,16,33,0,Stub,C,Medium,General
Optical path length,6259,1,0,8,33,0,Stub,Start,Low,General
Optical power margin,1019,0,0,2,13,0,Stub,Stub,Low,General
Visible spectrum,37398,57,6,36,162,0,Start,B,Medium,General
Optical time-domain reflectometer,10694,3,1,10,20,0,Stub,C,Medium,General
Outside plant,15331,11,3,30,52,0,Start,Start,Low,General
Ovality,2112,3,0,6,13,0,Stub,Stub,Low,General
Overfill,6379,9,0,20,21,0,Stub,C,Medium,General
Overmodulation,1300,2,0,4,12,0,Stub,Stub,Low,General
Overtone,30800,36,5,24,145,0,Start,C,Medium,Culture & Arts
Packet-switching node,667,0,0,0,8,0,Stub,Stub,Low,Science & Technology
Paired disparity code,1724,0,0,2,13,0,Stub,Stub,Low,General
Title 47 CFR Part 68,2334,0,0,6,27,0,Stub,Stub,Low,Geography
Passband,4930,1,1,8,49,0,Stub,Start,Low,General
Path loss,13404,6,0,18,59,0,Stub,Start,Low,General
Path profile,753,0,0,2,6,0,Stub,Stub,Low,General
Path quality analysis,970,3,0,2,8,0,Stub,Stub,Low,General
Payload,9526,7,1,14,50,0,Stub,Start,Low,General
Pseudo bit error ratio,549,0,0,0,7,0,Stub,Stub,Low,Science & Technology
Greater Poland Voivodeship,48960,17,20,42,696,1,Start,B,Medium,Geography
Performance measurement period,590,0,0,2,6,0,Stub,Stub,Low,General
Periscope antenna,789,0,0,2,10,0,Stub,Stub,Low,General
Personal mobility,1052,0,0,2,10,0,Stub,Stub,Low,General
Phantom circuit,8092,1,4,14,41,0,Stub,Start,Low,General
Phased array,54223,75,14,50,249,0,C,C,Medium,Science & Technology
Phase distortion,1877,3,0,6,11,0,Stub,Stub,Low,General
Voivodeships of Poland,53642,12,33,44,471,1,Start,C,Medium,Geography
Cod,54881,95,6,52,268,0,C,B,Medium,Science & Technology
Photic zone,36521,58,11,20,99,0,Start,Start,Low,Science & Technology
Masovian Voivodeship,45156,27,8,40,613,1,Start,B,Medium,Geography
Northanger Abbey,57401,150,2,46,135,1,C,B,Medium,History & Politics
"Bath, Somerset",165822,280,24,92,726,1,FA,FA,High,Geography
Renaissance architecture,99013,99,47,168,728,0,C,B,Medium,History & Politics
Amadeus (play),28019,42,1,24,205,1,Start,C,Medium,History & Politics
Contrapposto,10117,12,3,18,64,0,Stub,Start,Low,History & Politics
Forrest Gump,100631,160,3,48,516,1,GA,GA,High,History & Politics
Stanisław Ulam,88298,241,8,34,391,1,GA,GA,High,Science & Technology
György Dalos,5997,4,1,10,48,0,Stub,Stub,Low,History & Politics
Eldred v. Ashcroft,24393,24,1,20,100,1,Start,C,Medium,Geography
Bix Beiderbecke,91008,36,5,38,337,1,FA,FA,High,History & Politics
Duke Ellington,95989,149,13,50,561,1,C,B,Medium,Science & Technology
Rahsaan Roland Kirk,31354,52,1,18,262,1,Start,Start,Low,History & Politics
John McLoughlin,28219,23,3,34,197,1,Start,C,Medium,History & Politics
Avogadro constant,25623,57,4,22,103,1,GA,GA,High,General
Phase-locked loop,54322,25,6,68,190,0,Start,C,Medium,Science & Technology
Phase noise,16233,7,2,16,55,0,Stub,C,Medium,Science & Technology
Phase perturbation,552,0,0,2,7,0,Stub,Stub,Low,General
Phase-shift keying,43775,31,17,58,157,0,Start,C,Medium,General
Photocurrent,4984,6,0,8,22,0,Stub,Stub,Low,General
PIN diode,15834,10,3,22,58,1,Stub,Start,Low,Science & Technology
Plane wave,6937,2,1,14,38,0,Stub,C,Medium,General
Plastic-clad silica fiber,1681,3,0,10,13,0,Stub,Stub,Low,General
Ingrid Bergman,175405,381,24,48,571,1,B,B,Medium,History & Politics
Polarential telegraph system,1245,2,0,4,9,0,Stub,Stub,Low,General
Polarization (waves),75670,44,23,86,298,0,C,B,Medium,Science & Technology
Polarization-maintaining optical fiber,7335,2,2,12,38,0,Stub,Start,Low,General
"Polling, Mühldorf",1453,1,0,2,8,1,Stub,Stub,Low,Geography
Power factor,44880,36,11,36,125,0,Start,B,Medium,Science & Technology
Power-law index profile,1440,0,0,4,10,0,Stub,Stub,Low,General
Power margin,815,0,0,2,10,0,Stub,Stub,Low,Science & Technology
Primary channel,903,0,0,2,13,0,Stub,Stub,Low,Culture & Arts
Primary Rate Interface,3695,3,0,8,24,0,Stub,Start,Low,General
Primary station,507,0,0,2,6,0,Stub,Stub,Low,General
Primary time standard,1120,0,0,2,18,0,Stub,Stub,Low,Science & Technology
Private line,2053,0,0,6,16,0,Stub,Stub,Low,General
Proceed-to-select,681,0,0,2,9,0,Stub,Stub,Low,General
Propagation constant,16151,5,1,26,87,0,Stub,C,Medium,Culture & Arts
Propagation path obstruction,744,0,0,2,7,0,Stub,Stub,Low,General
Protective distribution system,6953,2,0,16,19,0,Stub,Start,Low,General
Protocol-control information,2202,4,0,2,10,0,Stub,Stub,Low,General
Protocol data unit,9254,5,1,22,50,0,Stub,C,Medium,Science & Technology
Provisioning (technology),20122,15,0,18,81,0,Start,Start,Low,Science & Technology
Pseudorandom noise,4942,4,0,6,43,0,Stub,Start,Low,Science & Technology
Psophometer,2841,12,1,6,15,0,Stub,Start,Low,Science & Technology
Psophometric voltage,1085,2,1,2,10,0,Stub,Stub,Low,Science & Technology
Pulse,22253,24,4,50,160,1,Start,C,Medium,Science & Technology
Pulse-address multiple access,737,0,0,2,10,0,Stub,Stub,Low,General
Pulse duration,1212,0,2,2,13,0,Stub,Stub,Low,General
Pulse link repeater,751,0,0,2,7,0,Stub,Stub,Low,General
Push-to-type operation,719,0,0,2,7,0,Stub,Stub,Low,General
Quality control,13231,18,2,14,73,0,Stub,C,Medium,General
Quasi-analog signal,867,0,0,2,17,0,Stub,Stub,Low,General
Queuing delay,5754,5,0,8,25,0,Stub,Start,Low,Science & Technology
Radiation angle,956,1,0,4,12,0,Stub,Stub,Low,General
Radiation mode,976,0,0,4,12,0,Stub,Stub,Low,General
Radiation pattern,15417,10,4,14,68,0,Stub,Start,Low,General
Radio fix,2283,0,2,6,15,0,Stub,Stub,Low,General
Radiometry,8051,8,1,10,49,0,Stub,Start,Low,Science & Technology
Random number,4303,11,1,10,27,0,Stub,Start,Low,General
Receive-after-transmit time delay,803,0,0,4,9,0,Stub,Stub,Low,Science & Technology
Received noise power,1028,0,0,0,18,0,Stub,Stub,Low,Science & Technology
Attack-time delay,1487,2,0,4,17,0,Stub,Stub,Low,Science & Technology
Recorder warning tone,1587,1,0,4,2,0,Stub,Stub,Low,General
Recovery procedure,820,0,0,4,11,0,Stub,Stub,Low,General
Reference circuit,1146,0,0,4,8,0,Stub,Stub,Low,General
Cycloid,28173,45,8,28,109,0,Start,C,Medium,General
Reference noise,666,0,0,2,11,0,Stub,Stub,Low,Science & Technology
Reference surface,734,0,0,2,10,0,Stub,Stub,Low,General
Reflection coefficient,12428,2,2,20,53,0,Stub,Start,Low,Science & Technology
Reflective array antenna,14084,9,3,16,60,0,Stub,Stub,Low,General
Reflectance,10877,11,3,26,54,0,Stub,C,Medium,Science & Technology
Refractive index contrast,4358,9,0,2,15,0,Stub,Stub,Low,General
Relative transmission level,711,0,0,0,10,0,Stub,Stub,Low,General
Release time (telecommunications),631,0,0,2,7,0,Stub,Stub,Low,General
Remote call forwarding,3454,2,0,4,13,0,Stub,Stub,Low,General
Remote Operations Service Element protocol,1508,0,0,4,13,0,Stub,Stub,Low,General
Repeater,17005,12,3,30,112,0,Start,C,Medium,Science & Technology
Repeating coil,1342,0,0,2,24,0,Stub,Stub,Low,General
Reradiation,1053,1,0,0,11,0,Stub,Stub,Low,General
Resonance,61205,23,14,68,276,0,Start,C,Medium,General
Response time (technology),5596,5,0,10,25,0,Stub,Start,Low,Science & Technology
Responsivity,3691,2,0,4,26,0,Stub,Stub,Low,General
Return loss,6034,1,0,10,40,0,Stub,Start,Low,Science & Technology
RF power margin,757,0,0,2,8,0,Stub,Stub,Low,Science & Technology
Ringaround,519,0,0,2,9,0,Stub,Stub,Low,Science & Technology
Ringdown,7162,1,1,12,38,0,Stub,Start,Low,General
Ringer equivalence number,4258,2,1,8,38,0,Stub,Start,Low,General
Ring latency,539,0,0,2,8,0,Stub,Stub,Low,General
Round-trip delay,4725,4,0,8,26,0,Stub,Start,Low,Science & Technology
Routing indicator,2602,0,0,2,7,0,Stub,Stub,Low,General
Rubidium standard,2667,1,2,8,25,0,Stub,Start,Low,Science & Technology
Rural radio service,1724,3,0,6,8,0,Stub,Stub,Low,General
Schematic,7935,1,2,10,37,0,Stub,Start,Low,General
Scrambler,15502,4,3,22,101,0,Stub,C,Medium,Culture & Arts
Secondary frequency standard,1062,0,0,2,10,0,Stub,Stub,Low,Science & Technology
Security,25682,35,9,44,189,0,Start,C,Medium,General
Security management,8032,3,0,50,32,0,Stub,Start,Low,General
Self-synchronizing code,4362,6,0,8,34,0,Stub,Start,Low,General
Semiautomatic switching system,644,0,0,2,7,0,Stub,Stub,Low,General
Separate-channel signaling,900,1,0,4,6,0,Stub,Stub,Low,General
Service termination point,550,0,0,2,7,0,Stub,Stub,Low,General
Shadow loss,641,0,0,2,9,0,Stub,Stub,Low,General
Shield,31153,30,12,34,183,0,Start,C,Medium,History & Politics
Shift register,12415,7,4,32,58,0,Stub,Start,Low,General
Shot noise,20952,14,2,24,101,0,Start,C,Medium,Science & Technology
Sideband,9673,1,3,14,72,0,Stub,Start,Low,General
Signaling (telecommunications),7502,3,0,20,70,0,Stub,Start,Low,General
Signal-to-crosstalk ratio,621,0,0,2,10,0,Stub,Stub,Low,Science & Technology
Signal-to-noise ratio,26141,21,2,40,128,0,Start,C,Medium,Science & Technology
Signal transition,775,0,0,4,15,0,Stub,Stub,Low,Science & Technology
Simple Network Management Protocol,40912,45,1,44,117,1,Start,C,Medium,General
Simplex signaling,1206,0,0,2,8,0,Stub,Stub,Low,General
Single-frequency signaling,3085,1,0,2,34,0,Stub,Start,Low,General
Single-mode optical fiber,14709,11,2,22,52,0,Stub,C,Medium,General
S interface,2305,5,0,4,16,0,Stub,Stub,Low,General
Skip zone,3437,1,2,12,15,0,Stub,Start,Low,General
Slant range,1334,0,2,4,14,0,Stub,Stub,Low,General
Slave clock,4452,4,1,8,19,0,Stub,Start,Low,Science & Technology
Spatial application,617,0,0,4,7,0,Stub,Stub,Low,Science & Technology
Specific detectivity,5530,2,0,6,19,0,Stub,Start,Low,General
Spectral width,1419,1,0,4,15,0,Stub,Stub,Low,Science & Technology
Speed of service,646,0,0,2,4,0,Stub,Stub,Low,Science & Technology
Spill-forward feature,1049,2,0,2,6,0,Stub,Stub,Low,General
Spread spectrum,15694,16,1,20,88,0,Start,C,Medium,Science & Technology
Squelch,14677,4,1,18,53,0,Stub,Start,Low,Science & Technology
Standard test signal,696,0,0,4,11,0,Stub,Stub,Low,General
Standing wave,47850,32,5,46,168,0,Start,C,Medium,Science & Technology
Standing wave ratio,32351,18,6,22,87,0,Start,C,Medium,Science & Technology
Star coupler,1652,0,0,2,17,0,Stub,Stub,Low,History & Politics
Start signal,638,0,0,2,9,0,Stub,Stub,Low,Science & Technology
Step-index profile,2543,2,1,4,16,0,Stub,Stub,Low,General
Stopband,2201,1,1,4,17,0,Stub,Stub,Low,General
Stop signal,663,0,0,2,6,0,Stub,Stub,Low,Science & Technology
Stressed environment,1003,0,0,2,12,0,Stub,Stub,Low,General
Substitution method (optical fiber),1535,0,0,4,10,0,Stub,Stub,Low,General
Summation check,573,0,0,2,5,0,Stub,Stub,Low,General
Supervisory program,711,0,0,2,11,0,Stub,Stub,Low,Science & Technology
Reduced-carrier transmission,1989,0,0,4,31,0,Stub,Stub,Low,General
Surface wave,26128,23,2,26,104,0,Start,B,Medium,Science & Technology
Switched loop,897,0,0,4,13,0,Stub,Stub,Low,General
Synchronous orbit,9177,18,0,14,49,0,Stub,Stub,Low,General
System integrity,1052,0,0,2,14,0,Stub,Stub,Low,Science & Technology
Systems control,1013,0,0,2,6,0,Stub,Start,Low,Science & Technology
Systems design,10730,14,0,16,50,0,Stub,Start,Low,Science & Technology
Tactical communications,7358,5,3,12,42,0,Stub,Start,Low,History & Politics
Tape relay,829,0,1,4,8,0,Stub,Stub,Low,General
T-carrier,19857,21,1,20,136,0,Start,C,Medium,Science & Technology
Technical control facility,1220,2,0,2,10,0,Stub,Stub,Low,General
Teleconference,2317,2,1,6,26,0,Stub,Stub,Low,General
Terminal equipment,957,0,0,4,11,0,Stub,Stub,Low,General
Ternary signal,2152,1,0,4,36,0,Stub,Stub,Low,General
Thermodynamic temperature,103168,66,20,46,366,0,C,B,Medium,General
Third-order intercept point,12812,1,3,14,38,0,Stub,Start,Low,General
Time-assignment speech interpolation,3800,2,0,6,14,0,Stub,Start,Low,General
Minimum spanning tree,47631,60,3,56,138,0,Start,C,Medium,General
Time-division multiplexing,14208,22,1,16,55,0,Stub,C,Medium,History & Politics
Time-domain reflectometer,27143,13,2,36,78,0,Start,Start,Low,Science & Technology
Time standard,26226,31,0,24,115,0,Start,C,Medium,General
T interface,1271,2,0,4,16,0,Stub,Stub,Low,History & Politics
Toll switching trunk,1396,2,0,4,13,0,Stub,Stub,Low,General
Total harmonic distortion,21835,40,0,16,57,0,Start,Start,Low,General
West Bretton,15694,12,2,28,92,1,Start,B,Medium,Geography
Cathay Pacific,162262,313,22,160,453,1,B,B,Medium,General
"Bretton Hall, West Yorkshire",12131,18,2,16,79,1,Stub,C,Medium,Geography
Causality (physics),15791,9,0,20,71,0,Stub,C,Medium,Science & Technology
Wetherby,43739,72,16,58,240,1,Start,C,Medium,Geography
Bill Bailey,54602,133,3,32,317,1,C,B,Medium,Science & Technology
Whitkirk,6714,10,3,16,39,1,Stub,Start,Low,General
Nick Hancock,13468,35,0,14,98,1,Stub,Start,Low,Biography
Rory McGrath,12061,16,0,14,75,1,Stub,C,Medium,Science & Technology
John Smeaton,29838,39,7,20,159,1,Start,C,Medium,Science & Technology
Jonathan Ross,86482,125,3,64,438,1,C,C,Medium,History & Politics
Eddystone Lighthouse,43494,84,13,34,173,1,Start,C,Medium,Science & Technology
Forth and Clyde Canal,47274,17,6,28,275,1,Start,C,Medium,Science & Technology
Video Toaster,22313,28,1,22,122,1,Start,Start,Low,Science & Technology
Faraday cage,17663,11,6,24,96,0,Start,C,Medium,Culture & Arts
River Wharfe,38243,53,5,34,254,1,Start,C,Medium,Geography
NewTek,13106,21,0,14,54,1,Stub,Start,Low,Science & Technology
"River Ouse, Yorkshire",16626,21,1,20,111,1,Start,Start,Low,Geography
Dean Martin,80994,83,10,38,509,1,C,B,Medium,History & Politics
Deception,50114,93,3,64,97,0,C,B,Medium,General
Mark Waugh,88289,321,2,56,298,1,C,C,Medium,History & Politics
Ian Chappell,72781,154,5,64,223,1,FA,FA,High,History & Politics
Lenny Henry,70739,118,3,48,455,1,C,Start,Low,History & Politics
John Junkin,13542,18,0,18,161,1,Stub,C,Medium,History & Politics
Authorization,6934,7,0,16,56,0,Stub,Start,Low,General
"River Avon, Devon",4099,3,0,4,29,1,Stub,Stub,Low,Geography
"River Avon, Warwickshire",31859,45,7,28,169,1,Start,B,Medium,History & Politics
"River Avon, Hampshire",21216,40,6,36,191,1,Start,Start,Low,Geography
"River Avon, Bristol",70181,111,12,24,408,1,C,B,Medium,Geography
Glossary,5182,5,2,10,25,0,Stub,Start,Low,Culture & Arts
Kennet and Avon Canal,107879,195,24,60,547,1,FA,FA,High,General
Stratford-upon-Avon Canal,27575,39,10,20,121,1,Start,B,Medium,History & Politics
Trent's Last Case (novel),13698,14,0,22,66,1,Stub,Start,Low,Culture & Arts
Walt Disney Studios (Burbank),59087,78,12,54,267,1,C,Start,Low,Geography
Aire and Calder Navigation,38035,44,2,26,139,1,GA,GA,High,Geography
Line drawing algorithm,11916,7,2,30,45,0,Stub,C,Medium,General
Wilts and Berks Canal,60973,32,4,26,216,1,C,C,Medium,History & Politics
Very Large Telescope,59450,89,10,30,174,1,C,B,Medium,Geography
Fomalhaut,47546,129,7,22,185,0,Start,C,Medium,General
Coney Island,211952,578,25,122,551,1,GA,GA,High,Geography
"Communities, regions, and language areas of Belgium",30157,16,12,28,154,0,Start,C,Medium,Geography
"I, Libertine",7130,4,0,14,47,1,Stub,Start,Low,Culture & Arts
John Shelby Spong,24602,60,0,20,124,1,Start,C,Medium,Science & Technology
Galaxy Science Fiction,86271,202,3,44,184,0,FA,FA,High,Science & Technology
Birmingham and Fazeley Canal,35551,41,27,20,110,1,Start,B,Medium,History & Politics
"Glasgow, Paisley and Johnstone Canal",20584,18,1,34,84,1,Start,B,Medium,History & Politics
Tar (computing),38543,43,1,48,166,1,Start,C,Medium,Science & Technology
Thames and Medway Canal,16691,11,6,20,65,1,Start,B,Medium,Culture & Arts
Thames and Severn Canal,57820,58,5,44,204,1,C,B,Medium,Geography
Trent and Mersey Canal,24936,13,5,36,182,1,Start,C,Medium,Geography
Staffordshire and Worcestershire Canal,18135,11,1,36,121,1,Start,Start,Low,Geography
Roger Mellie,17991,8,0,12,107,1,Stub,Start,Low,Biography
GCSE,84332,109,2,134,179,1,C,C,Medium,General
One-instruction set computer,32200,42,1,70,74,0,Start,Start,Low,General
Rebec,12133,16,0,16,103,1,Stub,Start,Low,History & Politics
Romano-Serbian language,2654,3,0,4,20,1,Stub,Stub,Low,General
Nicholas Barbon,19409,61,1,20,107,1,Start,Start,Low,History & Politics
Carlos De León,17655,1,0,20,138,1,Stub,Start,Low,History & Politics
Ziggy Marley,51570,86,2,50,258,1,C,Start,Low,History & Politics
The Rascals,45791,67,2,40,229,1,Start,B,Medium,Biography
The Cult,91402,107,4,34,419,1,C,B,Medium,Biography
Aztec calendar,27646,12,40,20,181,0,Start,C,Medium,Science & Technology
John Barbour (poet),11439,3,4,22,91,1,Stub,Start,Low,History & Politics
Alexander Barclay,6401,5,1,12,85,1,Stub,Start,Low,History & Politics
Blanche of Castile,29611,33,1,28,168,1,Start,C,Medium,History & Politics
Kevin Johnson (basketball player),67634,101,4,66,275,1,C,B,Medium,History & Politics
"Robert I, Latin Emperor",6535,1,0,4,47,1,Stub,C,Medium,History & Politics
Henry of Flanders,10928,1,0,16,78,1,Stub,C,Medium,History & Politics
Heavenly (British band),13449,29,0,30,107,1,Stub,Start,Low,Biography
Peter II of Courtenay,10636,1,1,10,101,1,Stub,C,Medium,History & Politics
Kyrenia,49297,52,15,42,201,1,Start,Start,Low,History & Politics
José Celso Barbosa,13922,23,2,20,75,1,Stub,B,Medium,History & Politics
Zu Chongzhi,15502,21,1,26,79,1,Start,C,Medium,History & Politics
Nazz,17704,44,1,24,99,1,Start,Start,Low,Biography
SPQR,30183,51,17,18,164,0,Start,Start,Low,History & Politics
Foreign relations of Mongolia,67646,124,6,26,260,0,C,Start,Low,History & Politics
U-God,12137,16,1,26,82,1,Stub,Start,Low,History & Politics
Stirling's approximation,33970,24,3,30,64,0,Start,C,Medium,General
Veruca Salt,35115,56,1,32,189,1,Start,Start,Low,Biography
Alfred Charles Auguste Foucher,5918,1,1,10,38,0,Stub,Start,Low,History & Politics
Bandidos Motorcycle Club,50993,100,3,79,124,1,C,C,Medium,Geography
François Tourte,9249,8,1,12,32,0,Stub,Start,Low,History & Politics
T-Mobile (brand),48741,60,8,44,223,1,Start,C,Medium,General
Our Fair City,1949,3,1,6,21,0,Stub,Stub,Low,General
And He Built a Crooked House,6608,3,1,14,34,1,Stub,C,Medium,Science & Technology
Play (play),28378,66,0,26,118,1,Start,C,Medium,History & Politics
Pedro Morales,99831,259,4,48,357,1,C,B,Medium,History & Politics
"St Kilda, Scotland",120331,240,24,56,431,1,B,B,Medium,Science & Technology
Film (film),37150,55,0,30,106,1,Start,C,Medium,Culture & Arts
Queen Anne-Marie of Greece,46244,45,21,44,247,1,Start,B,Medium,History & Politics
Ingrid of Sweden,30865,19,7,32,219,1,Start,C,Medium,History & Politics
Reagan Democrat,24804,21,5,16,163,0,Start,Start,Low,History & Politics
Cyberpunk (role-playing game),45876,53,2,46,140,1,Start,B,Medium,Science & Technology
Tejano music,25445,26,6,20,189,1,Start,C,Medium,Geography
Marrano,51599,35,3,42,252,0,C,B,Medium,History & Politics
Side effect,13573,21,1,10,87,0,Stub,Start,Low,General
Homograph,11096,12,1,20,55,0,Stub,Start,Low,General
Homophone,36612,36,1,38,142,0,Start,Start,Low,General
Hawaiian Airlines,106881,192,12,64,335,1,B,C,Medium,General
Human intelligence (intelligence gathering),5738,11,2,12,51,0,Stub,C,Medium,General
Badfinger,93377,95,5,56,285,1,C,B,Medium,History & Politics
Ben Harper,38534,71,5,20,249,1,Start,C,Medium,History & Politics
Billy the Kid,77933,79,9,48,188,1,C,B,Medium,History & Politics
Shane Mosley,98758,134,3,162,396,1,C,C,Medium,History & Politics
Divergence theorem,45640,28,6,46,99,0,Start,C,Medium,General
Pomaks,57368,111,4,36,185,1,C,B,Medium,General
Czechs,77918,117,9,66,734,1,C,Start,Low,History & Politics
Jefferson Starship,68403,127,8,22,244,1,C,C,Medium,Biography
Bulgarians,145391,246,10,54,548,1,B,C,Medium,Geography
Portsmouth and Arundel Canal,14521,37,6,24,51,1,Stub,Start,Low,History & Politics
Herefordshire and Gloucestershire Canal,30292,16,1,24,85,1,Start,B,Medium,Geography
Chelmer and Blackwater Navigation,32932,5,1,26,82,1,Stub,B,Medium,Geography
Dorset and Somerset Canal,12493,18,1,16,50,1,Stub,C,Medium,History & Politics
Gloucester and Sharpness Canal,20651,37,2,28,65,1,Start,Start,Low,Geography
"Manchester, Bolton and Bury Canal",77085,153,11,40,230,1,FA,FA,High,History & Politics
Sheffield and South Yorkshire Navigation,18449,1,0,16,76,1,Stub,C,Medium,History & Politics
Stanley Matthews,91381,249,5,52,585,1,GA,GA,High,History & Politics
Liskeard and Looe Union Canal,27381,14,3,26,44,1,Start,C,Medium,General
Bridgwater and Taunton Canal,45510,57,7,32,173,1,GA,GA,High,General
Wyrley and Essington Canal,33604,14,1,24,124,1,Start,B,Medium,Geography
All horses are the same color,5954,7,2,12,22,0,Stub,Start,Low,Culture & Arts
Alia Shawkat,26577,36,2,30,209,1,Start,C,Medium,History & Politics
T-shirt,27498,31,7,94,151,1,Start,C,Medium,History & Politics
Emmy Awards,47888,65,7,40,198,1,Start,C,Medium,History & Politics
Aquatic plant,49099,100,3,62,202,0,Start,Start,Low,Science & Technology
Del,22008,0,2,30,93,0,Stub,C,Medium,General
Apollo Lunar Module,67914,74,37,44,285,1,C,C,Medium,History & Politics
Droitwich Spa,32511,40,6,42,204,1,Start,Start,Low,Geography
Shotgun Angel,9588,8,0,20,47,1,Stub,C,Medium,Culture & Arts
Vaccinium vitis-idaea,25508,51,4,42,147,0,Start,C,Medium,Science & Technology
Ted Ray (comedian),9704,22,0,16,75,1,Stub,Start,Low,History & Politics
Turtle graphics,8404,9,6,14,42,0,Stub,C,Medium,Science & Technology
Vincent Price,60670,95,5,36,397,1,C,B,Medium,History & Politics
Leif Zeilon,2495,4,0,4,12,1,Stub,Stub,Low,History & Politics
The Nordic Realm Party,2634,2,1,4,18,1,Stub,Stub,Low,History & Politics
Democratic Alliance (Sweden),1926,4,0,2,12,0,Stub,Stub,Low,History & Politics
Bill Pertwee,12262,12,0,18,128,1,Stub,Start,Low,History & Politics
W. D. Hamilton,32747,29,0,35,207,1,Start,C,Medium,Science & Technology
"University of Agricultural Sciences, Bengaluru",14182,30,2,28,82,1,Stub,Start,Low,General
Air Raid Precautions,23628,16,9,44,168,1,Start,C,Medium,History & Politics
Government of Hong Kong,31140,26,0,44,220,1,Start,C,Medium,History & Politics
Vernalization,20730,35,2,14,36,0,Start,Start,Low,Science & Technology
A Portuguesa,10810,9,1,14,55,1,Stub,C,Medium,Culture & Arts
Sarrià-Sant Gervasi,5573,6,1,10,46,1,Stub,Start,Low,Geography
Nullarbor Plain,38543,62,8,44,189,1,Start,B,Medium,Geography
County of Bentheim (district),3178,0,1,12,50,1,Stub,Start,Low,Geography
Microstate,35809,75,7,22,111,0,Start,C,Medium,Geography
Cloppenburg (district),4730,3,3,12,42,1,Stub,Start,Low,Geography
Subfamily,5077,9,0,12,21,0,Stub,Stub,Low,Science & Technology
Hellenism (modern religion),65102,108,4,46,301,0,C,B,Medium,General
Districts of Hong Kong,22345,20,3,30,104,1,Start,C,Medium,Geography
Boeing 757,147138,462,27,72,447,1,FA,FA,High,Geography
TWAIN,8584,12,0,14,52,1,Stub,Start,Low,Science & Technology
"Soli, Cyprus",10227,8,6,12,71,1,Stub,Stub,Low,History & Politics
"River Ouse, Sussex",69030,50,3,38,196,1,C,B,Medium,Geography
"Seaford, East Sussex",39690,57,7,34,254,1,Start,B,Medium,Geography
Newhaven,31646,47,5,38,135,1,Start,Start,Low,Geography
"Newhaven, Derbyshire",1963,2,0,4,14,1,Stub,Stub,Low,Geography
Gamesley,6342,4,0,10,36,1,Stub,C,Medium,Geography
"Newhaven, Edinburgh",19433,25,3,34,68,1,Start,Start,Low,Science & Technology
Operation Peter Pan,29758,38,0,44,105,1,Start,Start,Low,Science & Technology
Sábado Gigante,34835,28,1,50,172,1,Start,C,Medium,Culture & Arts
Corvette,37580,33,11,44,154,0,Start,C,Medium,General
Oldenburg (district),3009,0,0,12,40,1,Stub,Start,Low,Geography
S-100 bus,18025,22,3,12,76,1,Start,Start,Low,General
Karyotype,60448,85,11,52,351,0,C,C,Medium,Science & Technology
Buffalo Bill,103657,175,29,60,572,1,B,B,Medium,History & Politics
Arthur Middleton,6227,4,2,10,65,1,Stub,Start,Low,Science & Technology
Rodmell,20168,31,7,30,117,1,Start,Start,Low,General
Beneath the Planet of the Apes,28614,44,0,34,169,1,Start,Start,Low,Science & Technology
Lloyd's of London,83173,107,5,112,249,1,C,C,Medium,History & Politics
Robert Barclay,21375,23,0,28,110,1,Start,Start,Low,History & Politics
Eddy Merckx,155783,216,32,118,718,1,GA,GA,High,History & Politics
William Barclay (jurist),3776,0,1,8,42,0,Stub,Start,Low,Biography
Praise-God Barebone,11156,8,0,16,53,1,Stub,B,Medium,Biography
Royal Prussia,29687,18,6,22,180,1,Start,Start,Low,History & Politics
Dexys Midnight Runners,71937,199,1,68,217,1,C,C,Medium,History & Politics
Deryck Guyler,12390,15,1,14,107,1,Stub,Start,Low,History & Politics
Wakefield,113342,209,14,62,470,1,B,B,Medium,History & Politics
Mirfield,14935,20,4,32,93,1,Stub,Start,Low,Geography
Mytholmroyd,27031,34,0,66,99,1,Start,Start,Low,Geography
Heptonstall,16511,37,3,16,70,1,Start,Start,Low,Geography
Inter-process communication,12116,9,1,20,122,0,Stub,Start,Low,General
Hebden Bridge,40404,73,9,28,222,1,Start,C,Medium,History & Politics
Scalable Coherent Interface,14344,14,1,16,46,1,Stub,Start,Low,Science & Technology
Newmillerdam,8859,23,1,8,19,1,Stub,Start,Low,General
Linear function,5839,7,2,10,47,0,Stub,C,Medium,General
Nostell,3927,7,2,6,25,0,Stub,Start,Low,Geography
Oakworth,9195,14,0,12,37,1,Stub,Start,Low,Geography
Ossett,39024,45,5,48,200,1,Start,C,Medium,Geography
Oxenhope,11364,20,1,24,55,1,Stub,Start,Low,Geography
Otley,49355,140,12,48,265,1,Start,B,Medium,Geography
Pontefract,37419,58,9,36,258,1,Start,Start,Low,Geography
"River Avon, Strathspey",7250,11,1,6,41,1,Stub,Start,Low,Geography
"River Avon, Falkirk",7567,11,1,10,44,1,Stub,Stub,Low,Geography
Avon Water,5764,5,0,8,38,1,Stub,Start,Low,Geography
George Miller (filmmaker),45385,69,2,34,287,1,Start,C,Medium,History & Politics
"Milford, Connecticut",55121,81,12,56,260,1,C,B,Medium,Geography
Kapp Putsch,43121,82,8,42,187,1,Start,B,Medium,History & Politics
Nelson College,13198,18,1,12,108,1,Stub,Start,Low,General
Baz Luhrmann,56619,83,2,30,308,1,C,C,Medium,History & Politics
Duchy of Prussia,28634,32,4,22,236,1,Start,B,Medium,History & Politics
Philosopher's stone,30098,48,4,30,153,0,Start,C,Medium,Science & Technology
"Meridian Hills, Indiana",13929,19,0,20,71,1,Stub,Start,Low,Geography
"North Crows Nest, Indiana",7982,11,0,12,36,1,Stub,Start,Low,Geography
"Rocky Ripple, Indiana",11719,16,2,18,64,1,Stub,Start,Low,Geography
"Spring Hill, Indiana",12298,18,0,18,55,1,Stub,Start,Low,Geography
"Warren Park, Indiana",13567,21,0,18,65,1,Stub,Start,Low,Geography
Don Rickles,45632,85,2,30,321,1,Start,B,Medium,History & Politics
Phanes,8204,15,1,12,36,0,Stub,Start,Low,General
"Williams Creek, Indiana",10428,16,1,18,52,1,Stub,Start,Low,Geography
"Wynnedale, Indiana",10131,14,1,16,58,1,Stub,Start,Low,Geography
"Crows Nest, Indiana",12466,16,0,18,56,1,Stub,Start,Low,Geography
"Unity, Kennebec County, Maine",6383,4,0,6,34,1,Stub,Start,Low,Geography
Forcing (mathematics),53329,1,0,42,105,0,Stub,B,Medium,Science & Technology
Penobscot Indian Island Reservation,20676,24,2,38,111,1,Start,C,Medium,History & Politics
Compactness theorem,14705,6,0,20,62,1,Stub,Start,Low,Science & Technology
"Elbow Lake, Becker County, Minnesota",6406,5,0,10,32,1,Stub,Stub,Low,General
Zermelo–Fraenkel set theory,47428,9,1,50,220,0,Stub,C,Medium,Science & Technology
"McKinley, Kittson County, Minnesota",3024,3,0,6,15,0,Stub,Start,Low,Geography
"Nett Lake, Koochiching County, Minnesota",2847,1,0,6,14,0,Stub,Start,Low,Geography
"Nett Lake, St. Louis County, Minnesota",2814,2,0,8,9,0,Stub,Stub,Low,Geography
"Oak Grove, Jackson County, Missouri",18839,27,0,26,73,1,Start,C,Medium,General
"Deposit (village), New York",11074,8,2,10,63,1,Stub,Start,Low,History & Politics
"Cattaraugus Reservation, Cattaraugus County, New York",4259,3,0,10,26,0,Stub,Start,Low,Geography
"Cattaraugus Reservation, Chautauqua County, New York",3599,3,0,8,17,0,Stub,Start,Low,Geography
"Cattaraugus Reservation, Erie County, New York",6879,7,0,12,41,1,Stub,Start,Low,Geography
"Reno, Parker County, Texas",6147,10,0,10,33,1,Stub,Start,Low,General
"Belle Haven, Accomack County, Virginia",7306,11,0,12,33,1,Stub,Start,Low,Geography
"Howard, Wisconsin",18589,20,2,36,81,1,Start,Start,Low,Geography
"Oneida, Wisconsin",7972,8,1,12,47,1,Stub,Start,Low,Geography
"Pulaski, Wisconsin",12851,17,2,22,60,1,Stub,Start,Low,General
"Menasha, Wisconsin",35178,47,9,30,121,1,Start,Start,Low,General
"Watertown (town), Wisconsin",5946,7,0,6,34,1,Stub,Start,Low,Geography
"Waupun, Wisconsin",27580,43,1,40,116,1,Start,Start,Low,Geography
"Whitewater, Wisconsin",30455,46,5,32,152,1,Start,Start,Low,General
"Rockland, La Crosse County, Wisconsin",10451,14,0,18,46,1,Stub,Start,Low,General
"Birnamwood, Wisconsin",11144,17,0,18,48,1,Stub,Start,Low,General
"Spring Valley, Wisconsin",10618,10,0,16,49,1,Stub,Start,Low,General
"Milladore, Wisconsin",10365,15,0,18,45,1,Stub,Start,Low,General
"Marion, Wisconsin",7788,14,0,14,27,1,Stub,Start,Low,General
"Mukwonago, Wisconsin",14264,14,7,20,97,1,Stub,Start,Low,General
United Kingdom of Great Britain and Ireland,128912,101,18,106,641,1,B,B,Medium,History & Politics
Rooibos,33113,55,7,24,124,0,Start,Start,Low,Science & Technology
Michael Spinks,37692,31,1,44,233,1,Start,C,Medium,History & Politics
Will-o'-the-wisp,57924,92,7,50,199,0,C,C,Medium,General
Richard Brautigan,30080,48,0,18,112,1,Start,Start,Low,History & Politics
Mount Vernon,88835,119,17,48,319,1,C,B,Medium,Science & Technology
Jane Addams,118798,187,23,66,376,1,B,B,Medium,Science & Technology
"Saint-Savin, Vienne",2767,2,0,10,17,1,Stub,Start,Low,Culture & Arts
Reclaim the Streets,23670,37,1,14,164,1,Start,Start,Low,Science & Technology
Lincoln County War,27892,16,5,28,126,1,Start,Start,Low,History & Politics
Persimmon,42328,126,12,76,165,0,Start,C,Medium,Science & Technology
La Toya Jackson,60493,107,2,32,393,1,C,B,Medium,History & Politics
Virginia Dare,30162,37,5,28,167,1,Start,B,Medium,History & Politics
Avon River (Ontario),6336,4,1,10,32,1,Stub,Start,Low,Geography
Avon River (Nova Scotia),12043,15,0,14,42,1,Stub,Start,Low,Geography
Avon River (Western Australia),8255,7,0,14,47,1,Stub,Start,Low,Geography
Rastrick,12562,16,1,26,67,1,Stub,Start,Low,History & Politics
Riddlesden,10339,26,1,16,33,1,Stub,Start,Low,Geography
Babylonian cuneiform numerals,8119,7,2,14,66,0,Stub,Start,Low,Science & Technology
Ripponden,11456,21,1,10,42,1,Stub,Start,Low,Geography
"Rothwell, West Yorkshire",24965,43,6,46,152,1,Start,Start,Low,Geography
Rocky III,36456,48,0,44,249,1,Start,C,Medium,Geography
Saltaire,23978,48,3,24,136,1,Start,C,Medium,Geography
"Copley, West Yorkshire",5297,10,0,12,24,1,Stub,Start,Low,General
Provinces of Belgium,21911,12,6,18,191,1,Start,C,Medium,History & Politics
Mae Whitman,49297,102,1,28,335,1,Start,B,Medium,History & Politics
Anderlecht,48953,53,11,64,281,1,Start,C,Medium,Geography
Etterbeek,17320,12,3,30,152,1,Start,C,Medium,Geography
Evere,5151,3,0,12,44,1,Stub,Start,Low,Geography
Ganshoren,3567,5,0,6,27,1,Stub,Stub,Low,Geography
Jette,8839,9,0,18,78,1,Stub,C,Medium,Geography
Koekelberg,9086,12,0,16,45,1,Stub,Start,Low,Geography
Berchem-Sainte-Agathe,6103,6,0,10,45,1,Stub,Start,Low,Geography
Molenbeek-Saint-Jean,84662,102,19,126,381,1,C,C,Medium,Geography
Saint-Josse-ten-Noode,10033,13,1,14,51,1,Stub,C,Medium,Geography
Cleckheaton,29662,51,7,42,164,1,Start,Start,Low,History & Politics
Woluwe-Saint-Pierre,9086,3,0,26,85,1,Stub,C,Medium,Geography
Keighley,60191,88,12,64,473,1,C,B,Medium,Geography
Kirkburton,18383,9,5,73,98,1,Stub,C,Medium,Geography
Kirklees,74517,136,2,60,490,1,C,C,Medium,History & Politics
Kirkstall,19629,26,10,22,173,1,Start,Start,Low,General
"Ledsham, West Yorkshire",8783,19,0,18,36,1,Stub,Stub,Low,Geography
Jean-Andoche Junot,23993,71,7,18,164,1,Start,C,Medium,Science & Technology
Ledston,8987,21,1,12,36,1,Stub,Start,Low,Geography
Birdwatchers' Field Club of Bengaluru,5357,4,2,22,30,0,Stub,Start,Low,Science & Technology
Christian views on magic,30311,54,1,28,155,0,Start,C,Medium,General
Linthwaite,9519,20,0,16,40,1,Stub,Start,Low,Geography
"Marsden, West Yorkshire",19292,41,4,34,122,1,Start,Start,Low,Geography
Meltham,19110,30,1,36,123,1,Start,C,Medium,Geography
"Morley, West Yorkshire",19905,21,5,28,166,1,Start,Start,Low,Geography
West Flanders,12420,7,1,28,183,1,Stub,Start,Low,Geography
"Oulton, West Yorkshire",5189,5,0,14,37,1,Stub,Stub,Low,Geography
John Law (economist),31578,45,4,24,145,1,Start,C,Medium,Science & Technology
Dennis Brain,23193,52,5,20,140,0,Start,C,Medium,History & Politics
Riders of the Purple Wage,14620,4,1,18,86,1,Stub,C,Medium,History & Politics
Ciclosporin,59622,125,1,36,193,1,C,C,Medium,Science & Technology
Scarcroft,6038,10,1,6,28,1,Stub,Start,Low,Geography
"Shelley, West Yorkshire",7479,15,0,18,40,1,Stub,Start,Low,General
Bulbul,19044,18,2,22,140,0,Start,C,Medium,General
Shibden,5976,7,0,14,30,1,Stub,Stub,Low,General
"Shipley, West Yorkshire",50286,44,9,66,317,1,C,B,Medium,History & Politics
Slaithwaite,21295,47,4,30,78,1,Start,Start,Low,Geography
Sowerby Bridge,15098,26,1,32,80,1,Start,Start,Low,History & Politics
Stanbury,8289,16,0,14,32,1,Stub,Start,Low,Geography
East Flanders,15926,7,8,20,163,1,Stub,C,Medium,Geography
Temple Newsam,49150,155,10,28,209,1,Start,B,Medium,Geography
Todmorden,58858,82,8,64,291,1,C,B,Medium,History & Politics
Aripiprazole,121016,343,5,62,369,1,B,B,Medium,Science & Technology
"George Bingham, 3rd Earl of Lucan",16939,34,3,18,130,1,Start,B,Medium,History & Politics
Ethmoid bone,7894,11,0,22,48,1,Stub,C,Medium,General
Nure,2603,1,0,2,33,1,Stub,Stub,Low,Geography
Ecclesia Gnostica,19749,51,2,32,99,1,Start,Start,Low,Geography
Gnostic Society,2611,12,0,4,5,0,Stub,Stub,Low,General
Johnson (surname),1284,1,0,2,14,1,Stub,Start,Low,General
Wernicke–Korsakoff syndrome,41831,72,0,42,137,1,Start,C,Medium,General
Noah Wyle,104081,272,5,42,346,1,B,Start,Low,History & Politics
Evan Hunter,30742,20,2,40,154,1,Start,Start,Low,History & Politics
Eugenio Montale,19352,45,0,20,103,1,Start,Start,Low,History & Politics
Julia (women of the Julii Caesares),6733,1,0,34,66,0,Stub,Start,Low,History & Politics
Episiotomy,17219,24,2,18,51,1,Start,C,Medium,General
American wire gauge,24903,19,0,24,72,0,Start,C,Medium,Geography
Mehdi Ghezali,36274,99,0,22,140,1,Start,C,Medium,Geography
Storsien,1898,3,1,2,8,0,Stub,Stub,Low,History & Politics
Löbau-Zittau,2576,0,1,12,46,1,Stub,Start,Low,Geography
87th Precinct,12929,6,0,18,108,1,Stub,Start,Low,Culture & Arts
Distributed Language Translation,2737,0,0,6,17,0,Stub,Stub,Low,Science & Technology
Common year,3685,5,0,4,18,0,Stub,Start,Low,General
Renaissance art,40295,21,13,52,412,0,Start,C,Medium,Culture & Arts
René Cassin,14812,8,2,20,113,0,Stub,C,Medium,Science & Technology
Pregnancy test,32409,55,8,28,101,0,Start,C,Medium,General
Albert Luthuli,78504,12,13,60,468,1,GA,GA,High,History & Politics
Robert Campin,17067,25,5,14,88,0,Start,Start,Low,History & Politics
Valsalva maneuver,24021,39,2,48,81,1,Start,C,Medium,Science & Technology
Andrew Eldritch,12973,13,0,16,88,1,Stub,Start,Low,Biography
Obesity hypoventilation syndrome,24833,53,0,24,125,1,GA,GA,High,General
Von Willebrand disease,49405,71,3,72,166,1,Start,B,Medium,General
Korotkoff sounds,9782,12,1,12,35,0,Stub,Start,Low,General
Mammary gland,50932,97,2,52,203,1,C,B,Medium,Science & Technology
Data rate,1084,0,0,4,11,0,Stub,Stub,Low,Culture & Arts
Prince of Darkness (film),20199,16,1,24,130,1,Start,C,Medium,Science & Technology
Hirschsprung's disease,37474,98,2,32,136,1,Start,C,Medium,Science & Technology
Order of the Bath,83359,158,19,56,599,1,C,B,Medium,History & Politics
Tinsley Viaduct,11266,16,2,12,75,1,Stub,C,Medium,Geography
Taxan,6875,6,0,10,53,1,Stub,Start,Low,General
Afghan Constitution Commission,5091,0,0,10,50,0,Stub,Stub,Low,History & Politics
Asparuh of Bulgaria,8663,8,3,14,67,1,Stub,Start,Low,History & Politics
Reverse domain hijacking,9622,28,0,8,23,0,Stub,Start,Low,General
Girlfriend in a Coma (novel),11037,12,0,14,47,1,Stub,Start,Low,Culture & Arts
Nicolas Oudinot,10675,1,4,18,136,1,Stub,C,Medium,Science & Technology
Sandton,20404,21,4,34,128,1,Start,C,Medium,Geography
Hovertank One,5967,8,1,12,62,1,Stub,Start,Low,Science & Technology
Catacomb 3-D,17423,37,2,18,116,1,Start,C,Medium,Science & Technology
Peter Struck (politician),14963,21,0,20,110,1,Stub,C,Medium,History & Politics
Acclaim Entertainment,39642,71,0,22,160,1,Start,B,Medium,History & Politics
Sphenoid bone,15712,17,3,56,122,1,Start,C,Medium,General
MapQuest,14528,27,2,10,73,1,Stub,C,Medium,Geography
Opodeldoc,5266,8,0,6,33,1,Stub,Stub,Low,General
Bounded function,7548,9,1,8,38,0,Stub,Start,Low,General
Viby J,7854,6,1,14,55,1,Stub,Start,Low,Geography
Mauritius lowland forest day gecko,6827,6,0,24,34,0,Stub,Start,Low,Science & Technology
Ecash,8565,17,0,12,30,0,Stub,C,Medium,General
State senator,2779,4,0,8,19,0,Stub,Stub,Low,Geography
LJN,28711,51,0,16,179,1,Start,Start,Low,Geography
Jean Salmon Macrin,3221,2,0,4,32,0,Stub,Start,Low,History & Politics
Mauritius upland forest day gecko,3733,1,0,16,14,0,Stub,Start,Low,General
Ultra Games,9938,7,1,44,119,1,Stub,Start,Low,Geography
Cowlitz people,23364,32,1,18,109,1,Start,C,Medium,Biography
Bram Dijkstra,8591,21,0,14,20,1,Stub,C,Medium,Biography
Kenneth Appel,10593,15,0,14,82,1,Stub,Start,Low,Science & Technology
Cowlitz River,19439,18,1,22,118,1,Start,Start,Low,Geography
Wolfgang Haken,6926,6,1,10,52,0,Stub,Start,Low,Geography
White River (Arkansas–Missouri),15269,21,1,36,144,1,Start,Start,Low,History & Politics
Newtons (cookie),8483,20,0,14,29,1,Stub,C,Medium,General
Paubrasilia,16953,32,3,16,77,0,Start,Start,Low,Science & Technology
Pink and White Terraces,34944,59,2,16,84,1,Start,Start,Low,History & Politics
Chinookan peoples,27714,32,6,44,139,1,Start,C,Medium,Geography
Lockout chip,1774,2,0,4,13,0,Stub,Stub,Low,History & Politics
Covenant (band),26110,39,2,30,110,1,Start,Start,Low,Biography
Speckled day gecko,2969,1,0,16,12,0,Stub,Stub,Low,General
Happy Rhodes,26259,13,2,32,148,1,Start,B,Medium,History & Politics
USS Ramage,16050,13,4,18,84,1,Start,Start,Low,Geography
Stillaguamish people,27452,73,3,34,79,1,Start,Start,Low,General
Allicin,11247,22,0,12,52,0,Stub,Start,Low,General
Kiryat Yam,7822,10,3,18,41,1,Stub,Start,Low,Geography
Ramón Serrano Suñer,24637,22,2,14,129,1,Start,Start,Low,History & Politics
Battle of Latakia,6584,4,1,6,41,1,Stub,Start,Low,History & Politics
Žilina,32276,33,9,38,207,1,Start,C,Medium,Geography
Georgia O'Keeffe,111452,234,10,52,311,1,B,B,Medium,Science & Technology
Shoalwater Bay Indian Tribe,13316,23,1,20,47,1,Stub,C,Medium,History & Politics
Scandinavian Monetary Union,10268,10,0,16,81,1,Stub,Start,Low,History & Politics
Video game programmer,28944,21,2,56,187,0,Start,C,Medium,General
Squaxin Island Tribe,20574,46,5,20,82,1,Start,Start,Low,History & Politics
Sea shanty,121500,219,10,136,381,1,B,B,Medium,History & Politics
United Kingdom in the Eurovision Song Contest 1978,13163,12,0,10,51,1,Stub,Stub,Low,Culture & Arts
Puyallup Tribe of Indians,23421,31,2,26,58,1,Start,Start,Low,General
Stevenage,117213,248,16,70,598,1,B,C,Medium,Geography
Petrus Ramus,24218,39,2,28,130,1,Start,C,Medium,History & Politics
Franco Burgersdijk,10712,12,2,18,41,1,Stub,Start,Low,History & Politics
Sensationalism,30820,53,2,40,94,0,Start,C,Medium,General
Rainhill,20767,32,4,28,108,1,Start,C,Medium,Geography
Lakmé,15653,14,2,40,122,1,Start,Start,Low,Culture & Arts
Liverpool Lime Street railway station,63883,108,14,76,211,1,C,B,Medium,Culture & Arts
Chanthaburi province,23905,23,14,32,151,1,Start,Start,Low,Geography
Earlestown,10335,15,0,18,51,1,Stub,Start,Low,Geography
David Blondel,4375,10,0,10,33,0,Stub,Start,Low,History & Politics
Makah,24068,23,4,34,118,1,Start,B,Medium,Geography
Coil (band),71657,124,0,40,317,1,C,C,Medium,Biography
Ellesmere Port,36572,42,17,46,272,1,Start,C,Medium,Geography
Gerardus Vossius,7481,3,1,12,74,0,Stub,Start,Low,History & Politics
Nisqually people,11827,13,2,20,62,1,Stub,Start,Low,Biography
Johann Jakob Herzog,3546,7,1,6,35,0,Stub,Stub,Low,History & Politics
Machinist,14420,7,4,18,114,1,Stub,C,Medium,General
Washoe (chimpanzee),23336,48,1,28,76,1,Start,Start,Low,Science & Technology
ChessBase,16154,29,1,22,103,1,Start,C,Medium,Science & Technology
Jaeger Corps (Denmark),14903,30,2,18,92,1,Stub,Start,Low,History & Politics
Daniel Heinsius,9327,6,0,16,74,0,Stub,C,Medium,History & Politics
"Philips of Marnix, Lord of Saint-Aldegonde",9197,2,1,10,88,1,Stub,Start,Low,History & Politics
Paul Lacroix,5705,2,1,12,27,1,Stub,Start,Low,History & Politics
Martin Opitz,7336,8,3,6,65,0,Stub,Start,Low,History & Politics
Roger Morrice,6567,1,0,4,34,0,Stub,Stub,Low,History & Politics
Operation Blue Star,153136,252,9,144,322,1,B,C,Medium,History & Politics
Burnley,123929,195,16,88,751,1,B,B,Medium,Geography
Dick Norris,3162,1,0,12,24,0,Stub,Start,Low,History & Politics
Love's Labour's Won,9757,13,2,16,44,0,Stub,C,Medium,General
Adam Beck,11062,3,2,8,94,1,Stub,Start,Low,History & Politics
Smokejumper,32587,45,3,46,144,0,Start,B,Medium,Geography
Shin Bet,36903,55,2,24,164,1,Start,C,Medium,General
Echizen Province,14251,6,7,18,146,1,Stub,Start,Low,History & Politics
Lawrence University,43657,104,3,28,237,1,Start,C,Medium,Culture & Arts
Batman: Mask of the Phantasm,48830,68,0,30,284,1,GA,GA,High,Science & Technology
Saint Neot (monk),43076,95,7,52,88,1,Start,Start,Low,History & Politics
Ann Fagan Ginger,12855,21,0,10,64,1,Stub,Start,Low,History & Politics
Coyoacán,101952,220,22,66,294,1,B,B,Medium,Geography
Montréal–Mirabel International Airport,57077,83,6,46,252,1,C,B,Medium,Culture & Arts
Paul Krassner,31618,48,0,34,171,1,Start,Start,Low,History & Politics
New York City Transit Authority,46279,83,7,28,123,1,Start,C,Medium,History & Politics
There Is Nothing Left to Lose,28592,40,0,30,116,1,Start,C,Medium,History & Politics
Touch (Eurythmics album),18313,35,0,34,101,1,Start,C,Medium,History & Politics
Peet Coombes,4835,7,0,8,38,1,Stub,Stub,Low,History & Politics
Newark Light Rail,45962,61,11,38,204,1,Start,B,Medium,History & Politics
Nanaimo,57979,71,5,58,277,1,C,C,Medium,Geography
Freedom from Religion Foundation,79020,153,3,78,267,1,C,B,Medium,Science & Technology
Cracked Rear View,36612,83,0,28,170,1,Start,B,Medium,Science & Technology
Tennessee State University,53759,132,1,40,216,1,C,Start,Low,History & Politics
Chad Channing,11541,9,0,24,76,1,Stub,Start,Low,History & Politics
Rocco Baldelli,50884,83,1,52,239,1,C,B,Medium,History & Politics
RAR (file format),16559,36,0,20,72,1,Start,C,Medium,General
Gothic Revival architecture,121135,91,22,70,575,0,C,B,Medium,Culture & Arts
Substance Abuse and Mental Health Services Administration,19235,26,2,26,131,1,Start,C,Medium,Geography
The Catch (baseball),16395,28,4,14,92,0,Start,C,Medium,Geography
Peter Christopherson,26395,34,1,36,178,1,Start,Start,Low,History & Politics
R. D. Laing,39489,55,0,28,171,1,Start,C,Medium,History & Politics
David Cooper (psychiatrist),9255,17,0,14,45,1,Stub,Start,Low,Geography
Gija people,9975,0,1,20,55,0,Stub,Start,Low,Biography
Eparchy,12964,4,4,14,84,0,Stub,B,Medium,General
Punisher,82380,69,3,52,444,1,C,B,Medium,History & Politics
Autorotation (fixed-wing aircraft),5565,12,2,10,22,0,Stub,Start,Low,General
Sonic CD,60994,157,3,26,262,1,GA,GA,High,General
Marion Woodman,12336,26,0,12,41,1,Stub,Start,Low,History & Politics
Clarissa Pinkola Estés,17300,29,0,14,44,1,Start,Start,Low,History & Politics
Hobby shop,3541,4,3,16,23,0,Stub,Stub,Low,General
Prudhoe,24331,27,2,50,128,1,Start,Start,Low,Geography
Cornea,30253,44,5,38,113,1,Start,B,Medium,General
Trigeminal neuralgia,44479,99,3,32,134,1,Start,C,Medium,Science & Technology
William E. Boeing,20534,42,5,22,136,1,Start,Start,Low,Science & Technology
John Bancroft (sexologist),1642,1,0,2,20,0,Stub,Stub,Low,Biography
Paul Gebhard,4695,10,0,10,37,1,Stub,Start,Low,Biography
People's Instinctive Travels and the Paths of Rhythm,37955,82,1,32,206,1,GA,GA,High,Culture & Arts
Harley Quinn,148426,363,8,178,693,1,B,C,Medium,Geography
Raúl De Molina,23459,50,0,26,108,1,Start,Start,Low,Geography
Penguin (character),29874,39,0,36,191,1,Start,C,Medium,History & Politics
Pome,4927,8,2,12,49,0,Stub,Start,Low,General
Crown Prince Dan,1805,1,0,2,22,1,Stub,Stub,Low,History & Politics
16-inch/50-caliber Mark 7 gun,17990,12,5,20,78,1,Start,Start,Low,History & Politics
Stargate Project (U.S. Army unit),45843,77,2,46,137,0,Start,C,Medium,Science & Technology
Cucurbita pepo,28360,97,9,26,101,0,Start,C,Medium,Science & Technology
Dark Magic (film),2192,0,0,10,22,1,Stub,Stub,Low,Culture & Arts
Binge eating,21515,41,0,26,44,1,Start,C,Medium,General
Hasim Rahman,48704,53,3,32,255,1,Start,B,Medium,History & Politics
Ross Kemp,33490,52,0,36,182,1,Start,Start,Low,History & Politics
San Diu people,2750,2,0,6,31,1,Stub,Stub,Low,General
Mid-Autumn Festival,68314,147,3,102,198,1,C,C,Medium,Culture & Arts
The Good Son (film),29040,57,0,26,170,1,Start,Start,Low,History & Politics
Kane (wrestler),237289,398,18,92,1043,1,B,C,Medium,History & Politics
Rubbernecking,7667,22,3,12,22,0,Stub,Start,Low,Geography
Old money,45691,39,3,20,467,0,Start,C,Medium,History & Politics
Réunion Island ornate day gecko,4142,5,1,16,18,0,Stub,Start,Low,Science & Technology
Eurasian spoonbill,22414,54,5,22,71,0,Start,Start,Low,Science & Technology
Sumya Anani,11788,12,0,8,35,1,Stub,Start,Low,History & Politics
Kairos,27437,48,3,20,85,0,Start,B,Medium,General
Sakai River (Kanagawa–Tokyo),4528,2,2,12,44,1,Stub,Start,Low,Geography
Divine illumination,7219,13,2,8,42,0,Stub,Start,Low,Culture & Arts
Thames Tunnel,33659,37,11,28,114,1,Start,B,Medium,Science & Technology
Pornography in Japan,43962,49,3,74,237,0,Start,C,Medium,History & Politics
Yellow-headed day gecko,6356,11,0,20,33,0,Stub,Start,Low,General
United States Satellite Broadcasting,5605,5,0,6,57,1,Stub,Start,Low,Science & Technology
James F. Byrnes,56469,60,5,28,335,1,C,B,Medium,History & Politics
Fourier optics,74966,3,3,82,191,0,Stub,Start,Low,General
Virtual PC,93047,143,5,93,281,1,C,B,Medium,Science & Technology
Eiji Toyoda,12961,34,0,16,76,1,Stub,C,Medium,Biography
VMware,103906,184,2,66,305,1,B,C,Medium,Science & Technology
Packet Switch Stream,20700,24,0,34,67,0,Start,Start,Low,Science & Technology
Cowrie,17346,22,5,24,105,0,Start,C,Medium,General
Occipital bone,14426,5,3,34,131,1,Stub,C,Medium,General
Kṣitigarbha,52450,65,16,70,233,1,C,C,Medium,Biography
Birmingham Six,29971,44,1,26,159,0,Start,C,Medium,History & Politics
Saab 9000,45796,53,3,36,118,1,Start,Start,Low,General
Amorphis,29139,61,4,46,134,1,Start,Start,Low,Biography
Palatine bone,7979,10,1,14,59,1,Stub,C,Medium,General
Gippsland,20050,26,3,28,195,1,Start,Start,Low,Geography
Xhafer Ypi,4915,3,0,6,47,1,Stub,B,Medium,History & Politics
Phillip Island,40697,68,6,38,175,1,Start,C,Medium,Geography
Frontal bone,6480,5,0,16,49,1,Stub,Start,Low,Culture & Arts
Flag of South Korea,33976,49,8,26,131,1,Start,Start,Low,General
Warragul,32509,53,0,36,186,1,Start,C,Medium,Geography
IBM OpenDX,8703,0,6,12,44,1,Stub,Start,Low,Science & Technology
Family Research Council,83286,160,3,40,222,1,C,B,Medium,Science & Technology
Spike strip,5115,5,2,4,28,0,Stub,Start,Low,Science & Technology
Parietal bone,10596,4,1,24,63,1,Stub,C,Medium,General
Ulrika Eleonora of Denmark,29078,40,7,16,117,1,Start,C,Medium,Biography
Common good,51347,99,1,44,170,0,C,Start,Low,History & Politics
Marcus Aemilius Scaurus (consul 115 BC),30294,17,0,22,111,1,Start,C,Medium,History & Politics
Kathy Watt,10934,11,8,8,99,1,Stub,Start,Low,History & Politics
West Ealing railway station,21746,39,2,14,78,1,Start,C,Medium,Culture & Arts
Bazilio Olara-Okello,4350,0,0,4,60,1,Stub,Start,Low,History & Politics
Hypocaust,10983,17,4,12,51,0,Stub,Start,Low,History & Politics
Lossless Transform Audio Compression,1578,5,0,4,15,0,Stub,Stub,Low,General
Spasim,15164,42,2,12,67,1,GA,GA,High,Science & Technology
Stanford Behavior Design Lab,11786,20,0,10,19,0,Stub,Stub,Low,General
Princess Albertina piercing,2838,3,0,6,16,1,Stub,Start,Low,General
Quinoline,15171,20,2,12,100,0,Start,Start,Low,History & Politics
BatMUD,12026,25,2,12,39,1,Stub,C,Medium,General
The Rank Organisation,34844,72,0,32,207,1,Start,C,Medium,History & Politics
Butlin's,45774,40,16,70,199,1,Start,C,Medium,General
Lossless predictive audio compression,1543,1,0,6,13,0,Stub,Stub,Low,General
Beanie Babies,26550,53,1,24,104,1,Start,B,Medium,Science & Technology
Jæren Line,49017,133,8,18,263,1,Start,B,Medium,General
Gongman,9137,4,0,6,57,1,Stub,Start,Low,Culture & Arts
Terry Wallace,29500,51,0,24,120,1,Start,Start,Low,Biography
"St Neot, Cornwall",12257,23,3,16,42,1,Stub,Start,Low,General
Spontaneous process,6189,2,0,10,27,0,Stub,Start,Low,General
2004 Canadian federal election,187473,40,5,38,578,1,C,C,Medium,History & Politics
Hands Across America,66000,179,1,50,521,0,C,C,Medium,History & Politics
Pendulum Music,3964,11,1,6,26,0,Stub,Stub,Low,Culture & Arts
Geoff Watt,2142,2,0,4,16,1,Stub,Stub,Low,History & Politics
John Stainer,33083,45,9,34,158,0,GA,GA,High,History & Politics
Minamata disease,62602,65,6,52,208,1,C,B,Medium,Science & Technology
9M133 Kornet,72771,147,8,28,176,1,C,Start,Low,Science & Technology
James Gleick,19226,28,1,18,136,1,Start,Start,Low,Science & Technology
The Wanderings of Oisin,9489,6,1,18,44,1,Stub,Start,Low,Culture & Arts
Saysutshun (Newcastle Island Marine) Park,31877,8,3,34,109,1,Stub,C,Medium,Geography
Chris Cross,13984,28,1,14,72,1,Stub,Start,Low,Biography
Trigram,3424,4,0,6,15,0,Stub,Start,Low,General
Indigenous Australian art,59545,94,10,48,248,0,C,B,Medium,Culture & Arts
House Party (1990 film),23358,21,0,22,153,1,Start,Start,Low,History & Politics
Chiral anomaly,23268,15,1,22,138,0,Start,B,Medium,Science & Technology
Chris Stockwell,16331,18,0,28,90,1,Start,Start,Low,History & Politics
"Walkerton, Ontario",8541,12,1,18,45,1,Stub,Start,Low,Geography
Visage (band),19515,21,0,16,122,1,Start,Start,Low,Biography
UP (complexity),2871,2,0,6,18,0,Stub,Start,Low,General
Ruth Rendell,31705,58,0,42,245,1,Start,C,Medium,History & Politics
"Peter, King of Hungary",19287,9,3,22,116,1,GA,GA,High,History & Politics
Bryophyte,38514,81,6,36,123,0,Start,B,Medium,General
Partition function (number theory),30152,27,2,32,83,0,Start,B,Medium,Culture & Arts
Alex Trebek,139495,285,7,44,463,1,B,B,Medium,History & Politics
Partition function (statistical mechanics),31058,2,1,40,147,0,Stub,Start,Low,Science & Technology
Partition function (quantum field theory),10453,8,0,14,35,0,Stub,Start,Low,Science & Technology
Moral support,10733,12,0,14,19,0,Stub,Stub,Low,General
Chinampa,25954,60,5,16,104,0,Start,C,Medium,Geography
Water pollution,62345,106,15,94,420,0,C,B,Medium,Science & Technology
Huntingdon Life Sciences,20102,32,0,20,89,1,Start,B,Medium,Science & Technology
Fairy with Turquoise Hair,20577,16,6,10,130,1,Start,C,Medium,Culture & Arts
Austin Lounge Lizards,6587,5,0,10,48,1,Stub,Start,Low,Science & Technology
Mi'kmaq,137174,268,8,128,523,1,B,B,Medium,History & Politics
Turul,30068,43,3,16,127,0,Start,C,Medium,Science & Technology
Ida Haendel,18856,34,1,22,129,0,Start,C,Medium,History & Politics
Jacques Thibaud,3941,4,1,8,41,0,Stub,Start,Low,History & Politics
Jascha Heifetz,38899,58,4,40,239,1,Start,B,Medium,History & Politics
Jade Emperor,26142,29,5,28,175,1,Start,C,Medium,Culture & Arts
Liouville's theorem (complex analysis),14859,10,0,26,50,0,Stub,C,Medium,Culture & Arts
Avalanche photodiode,12618,8,1,24,49,0,Stub,Start,Low,Culture & Arts
Liouville's theorem (Hamiltonian),25977,22,3,28,85,0,Start,C,Medium,General
